{ name: 'artist-upload-reminder-when-audio',
  query: [Function],
  template: 'artist-upload-reminder-when-audio',
  cta: [Function],
  on: '',
  every: '' }
3389
1
2
3
4
5
6
7
8
9
10
11
12
13
14
15
16
17
18
19
20
21
22
23
24
25
26
27
28
29
30
31
32
33
34
35
36
37
38
39
40
41
42
43
44
45
46
47
48
49
50
51
52
53
54
55
56
57
58
59
60
61
62
63
64
65
66
67
68
69
70
71
72
73
74
75
76
77
78
79
80
81
82
83
84
85
86
87
88
89
90
91
92
93
94
95
96
97
98
99
100
101
102
103
104
105
106
107
108
109
110
111
112
113
114
115
116
117
118
119
120
121
122
123
124
125
126
127
128
129
130
131
132
133
134
135
136
137
138
139
140
141
142
143
144
145
146
147
148
149
150
151
152
153
154
155
156
157
158
159
160
161
162
163
164
165
166
167
168
169
170
171
172
173
174
175
176
177
178
179
180
181
182
183
184
185
186
187
188
189
190
191
192
193
194
195
196
197
198
199
200
201
202
203
204
205
206
207
208
209
210
211
212
213
214
215
216
217
218
219
220
221
222
223
224
225
226
227
228
229
230
231
232
233
234
235
236
237
238
239
240
241
242
243
244
245
246
247
248
249
250
251
252
253
254
255
256
257
258
259
260
261
262
263
264
265
266
267
268
269
270
271
272
273
274
275
276
277
278
279
280
281
282
283
284
285
286
287
288
289
290
291
292
293
294
295
296
297
298
299
300
301
302
303
304
305
306
307
308
309
310
311
312
313
314
315
316
317
318
319
320
321
322
323
324
325
326
327
328
329
330
331
332
333
334
335
336
337
338
339
340
341
342
343
344
345
346
347
348
349
350
351
352
353
354
355
356
357
358
359
360
361
362
363
364
365
366
367
368
369
370
371
372
373
374
375
376
377
378
379
380
381
382
383
384
385
386
387
388
389
390
391
392
393
394
395
396
397
398
399
400
401
402
403
404
405
406
407
408
409
410
411
412
413
414
415
416
417
418
419
420
421
422
423
424
425
426
427
428
429
430
431
432
433
434
435
436
437
438
439
440
441
442
443
444
445
446
447
448
449
450
451
452
453
454
455
456
457
458
459
460
461
462
463
464
465
466
467
468
469
470
471
472
473
474
475
476
477
478
479
480
481
482
483
484
485
486
487
488
489
490
491
492
493
494
495
496
497
498
499
500
501
502
503
504
505
506
507
508
509
510
511
512
513
514
515
516
517
518
519
520
521
522
523
524
525
526
527
528
529
530
531
532
533
534
535
536
537
538
539
540
541
542
543
544
545
546
547
548
549
550
551
552
553
554
555
556
557
558
559
560
561
562
563
564
565
566
567
568
569
570
571
572
573
574
575
576
577
578
579
580
581
582
583
584
585
586
587
588
589
590
591
592
593
594
595
596
597
598
599
600
601
602
603
604
605
606
607
608
609
610
611
612
613
614
615
616
617
618
619
620
621
622
623
624
625
626
627
628
629
630
631
632
633
634
635
636
637
638
639
640
641
642
643
644
645
646
647
648
649
650
651
652
653
654
655
656
657
658
659
660
661
662
663
664
665
666
667
668
669
670
671
672
673
674
675
676
677
678
679
680
681
682
683
684
685
686
687
688
689
690
691
692
693
694
695
696
697
698
699
700
701
702
703
704
705
706
707
708
709
710
711
712
713
714
715
716
717
718
719
720
721
722
723
724
725
726
727
728
729
730
731
732
733
734
735
736
737
738
739
740
741
742
743
744
745
746
747
748
749
750
751
752
753
754
755
756
757
758
759
760
761
762
763
764
765
766
767
768
769
770
771
772
773
774
775
776
777
778
779
780
781
782
783
784
785
786
787
788
789
790
791
792
793
794
795
796
797
798
799
800
801
802
803
804
805
806
807
808
809
810
811
812
813
814
815
816
817
818
819
820
821
822
823
824
825
826
827
828
829
830
831
832
833
834
835
836
837
838
839
840
841
842
843
844
845
846
847
848
849
850
851
852
853
854
855
856
857
858
859
860
861
862
863
864
865
866
867
868
869
870
871
872
873
874
875
876
877
878
879
880
881
882
883
884
885
886
887
888
889
890
891
892
893
894
895
896
897
898
899
900
901
902
903
904
905
906
907
908
909
910
911
912
913
914
915
916
917
918
919
920
921
922
923
924
925
926
927
928
929
930
931
932
933
934
935
936
937
938
939
940
941
942
943
944
945
946
947
948
949
950
951
952
953
954
955
956
957
958
959
960
961
962
963
964
965
966
967
968
969
970
971
972
973
974
975
976
977
978
979
980
981
982
983
984
985
986
987
988
989
990
991
992
993
994
995
996
997
998
999
1000
1001
1002
1003
1004
1005
1006
1007
1008
1009
1010
1011
1012
1013
1014
1015
1016
1017
1018
1019
1020
1021
1022
1023
1024
1025
1026
1027
1028
1029
1030
1031
1032
1033
1034
1035
1036
1037
1038
1039
1040
1041
1042
1043
1044
1045
1046
1047
1048
1049
1050
1051
1052
1053
1054
1055
1056
1057
1058
1059
1060
1061
1062
1063
1064
1065
1066
1067
1068
1069
1070
1071
1072
1073
1074
1075
1076
1077
1078
1079
1080
1081
1082
1083
1084
1085
1086
1087
1088
1089
1090
1091
1092
1093
1094
1095
1096
1097
1098
1099
1100
1101
1102
1103
1104
1105
1106
1107
1108
1109
1110
1111
1112
1113
1114
1115
1116
1117
1118
1119
1120
1121
1122
1123
1124
1125
1126
1127
1128
1129
1130
1131
1132
1133
1134
1135
1136
1137
1138
1139
1140
1141
1142
1143
1144
1145
1146
1147
1148
1149
1150
1151
1152
1153
1154
1155
1156
1157
1158
1159
1160
1161
1162
1163
1164
1165
1166
1167
1168
1169
1170
1171
1172
1173
1174
1175
1176
1177
1178
1179
1180
1181
1182
1183
1184
1185
1186
1187
1188
1189
1190
1191
1192
1193
1194
1195
1196
1197
1198
1199
1200
1201
1202
1203
1204
1205
1206
1207
1208
1209
1210
1211
1212
1213
1214
1215
1216
1217
1218
1219
1220
1221
1222
1223
1224
1225
1226
1227
1228
1229
1230
1231
1232
1233
1234
1235
1236
1237
1238
1239
1240
1241
1242
1243
1244
1245
1246
1247
1248
1249
1250
1251
1252
1253
1254
1255
1256
1257
1258
1259
1260
1261
1262
1263
1264
1265
1266
1267
1268
1269
1270
1271
1272
1273
1274
1275
1276
1277
1278
1279
1280
1281
1282
1283
1284
1285
1286
1287
1288
1289
1290
1291
1292
1293
1294
1295
1296
1297
1298
1299
1300
1301
1302
1303
1304
1305
1306
1307
1308
1309
1310
1311
1312
1313
1314
1315
1316
1317
1318
1319
1320
1321
1322
1323
1324
1325
1326
1327
1328
1329
1330
1331
1332
1333
1334
1335
1336
1337
1338
1339
1340
1341
1342
1343
1344
1345
1346
1347
1348
1349
1350
1351
1352
1353
1354
1355
1356
1357
1358
1359
1360
1361
1362
1363
1364
1365
1366
1367
1368
1369
1370
1371
1372
1373
1374
1375
1376
1377
1378
1379
1380
1381
1382
1383
1384
1385
1386
1387
1388
1389
1390
1391
1392
1393
1394
1395
1396
1397
1398
1399
1400
1401
1402
1403
1404
1405
1406
1407
1408
1409
1410
1411
1412
1413
1414
1415
1416
1417
1418
1419
1420
1421
1422
1423
1424
1425
1426
1427
1428
1429
1430
1431
1432
1433
1434
1435
1436
1437
1438
1439
1440
1441
1442
1443
1444
1445
1446
1447
1448
1449
1450
1451
1452
1453
1454
1455
1456
1457
1458
1459
1460
1461
1462
1463
1464
1465
1466
1467
1468
1469
1470
1471
1472
1473
1474
1475
1476
1477
1478
1479
1480
1481
1482
1483
1484
1485
1486
1487
1488
1489
1490
1491
1492
1493
1494
1495
1496
1497
1498
1499
1500
1501
1502
1503
1504
1505
1506
1507
1508
1509
1510
1511
1512
1513
1514
1515
1516
1517
1518
1519
1520
1521
1522
1523
1524
1525
1526
1527
1528
1529
1530
1531
1532
1533
1534
1535
1536
1537
1538
1539
1540
1541
1542
1543
1544
1545
1546
1547
1548
1549
1550
1551
1552
1553
1554
1555
1556
1557
1558
1559
1560
1561
1562
1563
1564
1565
1566
1567
1568
1569
1570
1571
1572
1573
1574
1575
1576
1577
1578
1579
1580
1581
1582
1583
1584
1585
1586
1587
1588
1589
1590
1591
1592
1593
1594
1595
1596
1597
1598
1599
1600
1601
1602
1603
1604
1605
1606
1607
1608
1609
1610
1611
1612
1613
1614
1615
1616
1617
1618
1619
1620
1621
1622
1623
1624
1625
1626
1627
1628
1629
1630
1631
1632
1633
1634
1635
1636
1637
1638
1639
1640
1641
1642
1643
1644
1645
1646
1647
1648
1649
1650
1651
1652
1653
1654
1655
1656
1657
1658
1659
1660
1661
1662
1663
1664
1665
1666
1667
1668
1669
1670
1671
1672
1673
1674
1675
1676
1677
1678
1679
1680
1681
1682
1683
1684
1685
1686
1687
1688
1689
1690
1691
1692
1693
1694
1695
1696
1697
1698
1699
1700
1701
1702
1703
1704
1705
1706
1707
1708
1709
1710
1711
1712
1713
1714
1715
1716
1717
1718
1719
1720
1721
1722
1723
1724
1725
1726
1727
1728
1729
1730
1731
1732
1733
1734
1735
1736
1737
1738
1739
1740
1741
1742
1743
1744
1745
1746
1747
1748
1749
1750
1751
1752
1753
1754
1755
1756
1757
1758
1759
1760
1761
1762
1763
1764
1765
1766
1767
1768
1769
1770
1771
1772
1773
1774
1775
1776
1777
1778
1779
1780
1781
1782
1783
1784
1785
1786
1787
1788
1789
1790
1791
1792
1793
1794
1795
1796
1797
1798
1799
1800
1801
1802
1803
1804
1805
1806
1807
1808
1809
1810
1811
1812
1813
1814
1815
1816
1817
1818
1819
1820
1821
1822
1823
1824
1825
1826
1827
1828
1829
1830
1831
1832
1833
1834
1835
1836
1837
1838
1839
1840
1841
1842
1843
1844
1845
1846
1847
1848
1849
1850
1851
1852
1853
1854
1855
1856
1857
1858
1859
1860
1861
1862
1863
1864
1865
1866
1867
1868
1869
1870
1871
1872
1873
1874
1875
1876
1877
1878
1879
1880
1881
1882
1883
1884
1885
1886
1887
1888
1889
1890
1891
1892
1893
1894
1895
1896
1897
1898
1899
1900
1901
1902
1903
1904
1905
1906
1907
1908
1909
1910
1911
1912
1913
1914
1915
1916
1917
1918
1919
1920
1921
1922
1923
1924
1925
1926
1927
1928
1929
1930
1931
1932
1933
1934
1935
1936
1937
1938
1939
1940
1941
1942
1943
1944
1945
1946
1947
1948
1949
1950
1951
1952
1953
1954
1955
1956
1957
1958
1959
1960
1961
1962
1963
1964
1965
1966
1967
1968
1969
1970
1971
1972
1973
1974
1975
1976
1977
1978
1979
1980
1981
1982
1983
1984
1985
1986
1987
1988
1989
1990
1991
1992
1993
1994
1995
1996
1997
1998
1999
2000
2001
2002
2003
2004
2005
2006
2007
2008
2009
2010
2011
2012
2013
2014
2015
2016
2017
2018
2019
2020
2021
2022
2023
2024
2025
2026
2027
2028
2029
2030
2031
2032
2033
2034
2035
2036
2037
2038
2039
2040
2041
2042
2043
2044
2045
2046
2047
2048
2049
2050
2051
2052
2053
2054
2055
2056
2057
2058
2059
2060
2061
2062
2063
2064
2065
2066
2067
2068
2069
2070
2071
2072
2073
2074
2075
2076
2077
2078
2079
2080
2081
2082
2083
2084
2085
2086
2087
2088
2089
2090
2091
2092
2093
2094
2095
2096
2097
2098
2099
2100
2101
2102
2103
2104
2105
2106
2107
2108
2109
2110
2111
2112
2113
2114
2115
2116
2117
2118
2119
2120
2121
2122
2123
2124
2125
2126
2127
2128
2129
2130
2131
2132
2133
2134
2135
2136
2137
2138
2139
2140
2141
2142
2143
2144
2145
2146
2147
2148
2149
2150
2151
2152
2153
2154
2155
2156
2157
2158
2159
2160
2161
2162
2163
2164
2165
2166
2167
2168
2169
2170
2171
2172
2173
2174
2175
2176
2177
2178
2179
2180
2181
2182
2183
2184
2185
2186
2187
2188
2189
2190
2191
2192
2193
2194
2195
2196
2197
2198
2199
2200
2201
2202
2203
2204
2205
2206
2207
2208
2209
2210
2211
2212
2213
2214
2215
2216
2217
2218
2219
2220
2221
2222
2223
2224
2225
2226
2227
2228
2229
2230
2231
2232
2233
2234
2235
2236
2237
2238
2239
2240
2241
2242
2243
2244
2245
2246
2247
2248
2249
2250
2251
2252
2253
2254
2255
2256
2257
2258
2259
2260
2261
2262
2263
2264
2265
2266
2267
2268
2269
2270
2271
2272
2273
2274
2275
2276
2277
2278
2279
2280
2281
2282
2283
2284
2285
2286
2287
2288
2289
2290
2291
2292
2293
2294
2295
2296
2297
2298
2299
2300
2301
2302
2303
2304
2305
2306
2307
2308
2309
2310
2311
2312
2313
2314
2315
2316
2317
2318
2319
2320
2321
2322
2323
2324
2325
2326
2327
2328
2329
2330
2331
2332
2333
2334
2335
2336
2337
2338
2339
2340
2341
2342
2343
2344
2345
2346
2347
2348
2349
2350
2351
2352
2353
2354
2355
2356
2357
2358
2359
2360
2361
2362
2363
2364
2365
2366
2367
2368
2369
2370
2371
2372
2373
2374
2375
2376
2377
2378
2379
2380
2381
2382
2383
2384
2385
2386
2387
2388
2389
2390
2391
2392
2393
2394
2395
2396
2397
2398
2399
2400
2401
2402
2403
2404
2405
2406
2407
2408
2409
2410
2411
2412
2413
2414
2415
2416
2417
2418
2419
2420
2421
2422
2423
2424
2425
2426
2427
2428
2429
2430
2431
2432
2433
2434
2435
2436
2437
2438
2439
2440
2441
2442
2443
2444
2445
2446
2447
2448
2449
2450
2451
2452
2453
2454
2455
2456
2457
2458
2459
2460
2461
2462
2463
2464
2465
2466
2467
2468
2469
2470
2471
2472
2473
2474
2475
2476
2477
2478
2479
2480
2481
2482
2483
2484
2485
2486
2487
2488
2489
2490
2491
2492
2493
2494
2495
2496
2497
2498
2499
2500
2501
2502
2503
2504
2505
2506
2507
2508
2509
2510
2511
2512
2513
2514
2515
2516
2517
2518
2519
2520
2521
2522
2523
2524
2525
2526
2527
2528
2529
2530
2531
2532
2533
2534
2535
2536
2537
2538
2539
2540
2541
2542
2543
2544
2545
2546
2547
2548
2549
2550
2551
2552
2553
2554
2555
2556
2557
2558
2559
2560
2561
2562
2563
2564
2565
2566
2567
2568
2569
2570
2571
2572
2573
2574
2575
2576
2577
2578
2579
2580
2581
2582
2583
2584
2585
2586
2587
2588
2589
2590
2591
2592
2593
2594
2595
2596
2597
2598
2599
2600
2601
2602
2603
2604
2605
2606
2607
2608
2609
2610
2611
2612
2613
2614
2615
2616
2617
2618
2619
2620
2621
2622
2623
2624
2625
2626
2627
2628
2629
2630
2631
2632
2633
2634
2635
2636
2637
2638
2639
2640
2641
2642
2643
2644
2645
2646
2647
2648
2649
2650
2651
2652
2653
2654
2655
2656
2657
2658
2659
2660
2661
2662
2663
2664
2665
2666
2667
2668
2669
2670
2671
2672
2673
2674
2675
2676
2677
2678
2679
2680
2681
2682
2683
2684
2685
2686
2687
2688
2689
2690
2691
2692
2693
2694
2695
2696
2697
2698
2699
2700
2701
2702
2703
2704
2705
2706
2707
2708
2709
2710
2711
2712
2713
2714
2715
2716
2717
2718
2719
2720
2721
2722
2723
2724
2725
2726
2727
2728
2729
2730
2731
2732
2733
2734
2735
2736
2737
2738
2739
2740
2741
2742
2743
2744
2745
2746
2747
2748
2749
2750
2751
2752
2753
2754
2755
2756
2757
2758
2759
2760
2761
2762
2763
2764
2765
2766
2767
2768
2769
2770
2771
2772
2773
2774
2775
2776
2777
2778
2779
2780
2781
2782
2783
2784
2785
2786
2787
2788
2789
2790
2791
2792
2793
2794
2795
2796
2797
2798
2799
2800
2801
2802
2803
2804
2805
2806
2807
2808
2809
2810
2811
2812
2813
2814
2815
2816
2817
2818
2819
2820
2821
2822
2823
2824
2825
2826
2827
2828
2829
2830
2831
2832
2833
2834
2835
2836
2837
2838
2839
2840
2841
2842
2843
2844
2845
2846
2847
2848
2849
2850
2851
2852
2853
2854
2855
2856
2857
2858
2859
2860
2861
2862
2863
2864
2865
2866
2867
2868
2869
2870
2871
2872
2873
2874
2875
2876
2877
2878
2879
2880
2881
2882
2883
2884
2885
2886
2887
2888
2889
2890
2891
2892
2893
2894
2895
2896
2897
2898
2899
2900
2901
2902
2903
2904
2905
2906
2907
2908
2909
2910
2911
2912
2913
2914
2915
2916
2917
2918
2919
2920
2921
2922
2923
2924
2925
2926
2927
2928
2929
2930
2931
2932
2933
2934
2935
2936
2937
2938
2939
2940
2941
2942
2943
2944
2945
2946
2947
2948
2949
2950
2951
2952
2953
2954
2955
2956
2957
2958
2959
2960
2961
2962
2963
2964
2965
2966
2967
2968
2969
2970
2971
2972
2973
2974
2975
2976
2977
2978
2979
2980
2981
2982
2983
2984
2985
2986
2987
2988
2989
2990
2991
2992
2993
2994
2995
2996
2997
2998
2999
3000
3001
3002
3003
3004
3005
3006
3007
3008
3009
3010
3011
3012
3013
3014
3015
3016
3017
3018
3019
3020
3021
3022
3023
3024
3025
3026
3027
3028
3029
3030
3031
3032
3033
3034
3035
3036
3037
3038
3039
3040
3041
3042
3043
3044
3045
3046
3047
3048
3049
3050
3051
3052
3053
3054
3055
3056
3057
3058
3059
3060
3061
3062
3063
3064
3065
3066
3067
3068
3069
3070
3071
3072
3073
3074
3075
3076
3077
3078
3079
3080
3081
3082
3083
3084
3085
3086
3087
3088
3089
3090
3091
3092
3093
3094
3095
3096
3097
3098
3099
3100
3101
3102
3103
3104
3105
3106
3107
3108
3109
3110
3111
3112
3113
3114
3115
3116
3117
3118
3119
3120
3121
3122
3123
3124
3125
3126
3127
3128
3129
3130
3131
3132
3133
3134
3135
3136
3137
3138
3139
3140
3141
3142
3143
3144
3145
3146
3147
3148
3149
3150
3151
3152
3153
3154
3155
3156
3157
3158
3159
3160
3161
3162
3163
3164
3165
3166
3167
3168
3169
3170
3171
3172
3173
3174
3175
3176
3177
3178
3179
3180
3181
3182
3183
3184
3185
3186
3187
3188
3189
3190
3191
3192
3193
3194
3195
3196
3197
3198
3199
3200
3201
3202
3203
3204
3205
3206
3207
3208
3209
3210
3211
3212
3213
3214
3215
3216
3217
3218
3219
3220
3221
3222
3223
3224
3225
3226
3227
3228
3229
3230
3231
3232
3233
3234
3235
3236
3237
3238
3239
3240
3241
3242
3243
3244
3245
3246
3247
3248
3249
3250
3251
3252
3253
3254
3255
3256
3257
3258
3259
3260
3261
3262
3263
3264
3265
3266
3267
3268
3269
3270
3271
3272
3273
3274
3275
3276
3277
3278
3279
3280
3281
3282
3283
3284
3285
3286
3287
3288
3289
3290
3291
3292
3293
3294
3295
3296
3297
3298
3299
3300
3301
3302
3303
3304
3305
3306
3307
3308
3309
3310
3311
3312
3313
3314
3315
3316
3317
3318
3319
3320
3321
3322
3323
3324
3325
3326
3327
3328
3329
3330
3331
3332
3333
3334
3335
3336
3337
3338
3339
3340
3341
3342
3343
3344
3345
3346
3347
3348
3349
3350
3351
3352
3353
3354
3355
3356
3357
3358
3359
3360
3361
3362
3363
3364
3365
3366
3367
3368
3369
3370
3371
3372
3373
3374
3375
3376
3377
3378
3379
3380
3381
3382
3383
3384
3385
3386
3387
3388
3389
{ _id: 
   { '$in': 
      [ 53c6a69c06163dcf2886603d,
        53c72bfb06163dcf28866099,
        53c77b5e06163dcf288660d1,
        53c7f8d6529d70486f955683,
        53c994d74c0227c5216c542e,
        53ca49f543eaac6264fcb345,
        53cb8ee4f7278d51091db698,
        53cbcd9acf0f28ea352c6e0a,
        53cd2692f95480d57c192f51,
        53cdaa60a27d450d1cb37ce1,
        53ce6ecbd81a6e24589709d1,
        53ce8c0828463ebf5dfd4987,
        53ce982328463ebf5dfd499d,
        53cec7eed2a7eb4768532175,
        53d0a505818b65cb5a4872fe,
        53d0bf0cdf3cb8966138cd50,
        53d19ffeb330dbba143b770e,
        53d50268f38ae93b464764d3,
        53d544f571fd14f759cf04bd,
        53d8086a3b13ec9d1ebb2b49,
        53d8bb283b13ec9d1ebb2b82,
        53da726d0789ef6f2db58024,
        53da8bb20789ef6f2db58034,
        53dbb8480789ef6f2db5809f,
        53ddf99e0789ef6f2db58131,
        53e218666079b5b143c3f85e,
        53e24d7a6079b5b143c3f8f4,
        53e352ff6079b5b143c3f9a5,
        53e377866079b5b143c3f9c5,
        53e398ddc6a9b1b55e798557,
        53e3dadac6a9b1b55e79859d,
        53e5aa1331ec8e1207f94d7e,
        53e7f0f831ec8e1207f94e92,
        53e8d14831ec8e1207f94f0f,
        53e8e93d31ec8e1207f94f34,
        53e8fc78d108701c46aae441,
        53e924a9d108701c46aae46e,
        53e96560d108701c46aae48d,
        53e9ade0d108701c46aae4cf,
        53e9f1bed108701c46aae52f,
        53ea4967d108701c46aae5fc,
        53ea6fb108d7b959792ad7d0,
        53eac9f508d7b959792ad832,
        53ecaf092021ecb01d1e1368,
        53eed43160d6d1ee40885b51,
        53efab873148ebbf71c5212d,
        53f070825586a05706da58df,
        53f1075f5586a05706da5927,
        53f3aff49836a8134a2c8e8e,
        53f5f4815f269619733ed4b4,
        53f680f44d46647402875905,
        53fa850c37f6a16553bb7e73,
        53fb1bcb9b327845667eb287,
        53fb43dd9b327845667eb2f8,
        53fbbfe022e48ae67a2ff37c,
        53fc80c6004dacab11e4d883,
        53fdef96d45861422c8f3c03,
        53fecf4bef8741bd3e1d9ccc,
        53ff2f456535c1ae0d279caf,
        53ffe41cd820b026235ab248,
        5404a2d6b642edc2145c0249,
        540ad3ed7bde342c2366fa36,
        540c79327bde342c2366ffdf,
        540d9dc97bde342c23670c69,
        540dd76ecd5800231f0f0540,
        540f3b65cd5800231f0f0d76,
        54178a5fade77f5e2568c0d7,
        5419c04aade77f5e2568eb77,
        5419f2adade77f5e2568ef25,
        541c4d27dd775bb9438f36ee,
        541ca227dd775bb9438f3c5d,
        5420ee3df479290623c16c49,
        542567ff8fc9bbd20f989484,
        54284a078fc9bbd20f98cc69,
        5429b2d87068f84d57a2d3b0,
        542ab09e2af0b86e4103def8,
        542abcd92af0b86e4103e05d,
        54361ae35637e1ab046c0bb3,
        53cf4505360821b003b8b3dd,
        54176fcfade77f5e2568bf40,
        53f33aeb5586a05706da5a9c,
        53eb6dbff8be18eb16102a85,
        53e978b0d108701c46aae499,
        53d9b5865df89fe833a64190,
        53cfbb9bb6b865fb1d72b166,
        53d890363b13ec9d1ebb2b65,
        53cd1b1cf95480d57c192f47,
        53be8be6ff4d8e5262dc8498,
        53b29772ecbeb77d4fc5d9e5,
        53b29770ecbeb77d4fc5d154,
        53b29771ecbeb77d4fc5d636,
        53b29771ecbeb77d4fc5d6b1,
        53b29773ecbeb77d4fc5dc67,
        53b29773ecbeb77d4fc5de5a,
        53b29773ecbeb77d4fc5dedc,
        53b3113e8b6e804410688c8a,
        53b33a158b6e804410688cae,
        53b3ad138b6e804410688cd6,
        53b3de3d8b6e804410688d19,
        53b3ec238b6e804410688d3a,
        53b409298b6e804410688d63,
        53b40de58b6e804410688d72,
        53b47b5f8b6e804410688def,
        53b4bc7c8b6e804410688e11,
        53b54d518b6e804410688e69,
        53b5bd728b6e804410688f2b,
        53b72f4da60fd7560bc11b12,
        53b934ecd9e3024277f0031f,
        53bad0552c076b674eaa20d0,
        53baf28df04c173559e1b584,
        53bb118c753a517d5eea5269,
        53bbf6a45039c8aa4fee1029,
        53bc119f215ca4f456e2994b,
        53bd4f16f8b273b41dfc26f9,
        53be5f4ce3148e9c5793f0ed,
        53bfdc86ec2b926d2d14015a,
        53c247601a4e1acd2c242e60,
        53c3966c375c37d574dd3bb3,
        53c41861e141062d1132be30,
        53c565976edc5f1759a0681a,
        53c5de47d47a1f7e6dfd53db,
        53c66c367a6c3ece10bdf014,
        53c6c15606163dcf28866063,
        53c7b6b006163dcf28866106,
        53c7d4fbedbbccae65cbb682,
        53c7e618edbbccae65cbb6af,
        53c833f9529d70486f9556d2,
        53c9b5024c0227c5216c5434,
        53ce335d9cdc74df463b61ca,
        53ce6205f24a62de523ba956,
        53ce6ff7d81a6e24589709d4,
        53cec064d2a7eb476853216f,
        53cf58602a13210409db0504,
        53d02f663d8ce5a43f7dbaaf,
        53d187cb5af3f5230cba10f6,
        53d1ba05b330dbba143b7717,
        53d25e798e57273e3e766632,
        53d2803574ae593847dba299,
        53d29cb215dcaf274f51d665,
        53d3ab8b6fe975bf7bc4eab1,
        53d4cb7047da9ced2fc89d8f,
        53d52415e8945b82546fe3c0,
        53d59830f1a929af6ba07439,
        53d6276761946fa571662fcd,
        53d671d5e6c123a8198c40f8,
        53d8cfdcb333ac131c6257e6,
        53d9891d5df89fe833a64189,
        53da3cc70789ef6f2db57ff1,
        53da58d85df89fe833a6420f,
        53da766e0789ef6f2db5802a,
        53db9b7f5df89fe833a64283,
        53dbc8c75df89fe833a64298,
        53dd441d5df89fe833a642da,
        53dec12d5f8046b97e6ba53e,
        53df9f2bd792410807573288,
        53dfe73cd7924108075732d9,
        53e0ae8fd792410807573369,
        53e10b1acae1a5e13107738d,
        53e13dcfcae1a5e1310773cf,
        53e1f8e86079b5b143c3f847,
        53e226866079b5b143c3f891,
        53e26c7d6079b5b143c3f916,
        53e2a80d6079b5b143c3f950,
        53e359486079b5b143c3f9ad,
        53e40121c6a9b1b55e7985b4,
        53e45433c6a9b1b55e7985d5,
        53e503d808c7cdf97977b005,
        53e93b0ed108701c46aae47b,
        53e96fdad108701c46aae496,
        53ea2cf1d108701c46aae5a3,
        53eb275508d7b959792ad872,
        53ee5aa960d6d1ee40885b38,
        53f118c55586a05706da5934,
        53f2cca55586a05706da5a44,
        53f382769836a8134a2c8e58,
        53f38c849836a8134a2c8e64,
        53f3bb519836a8134a2c8e98,
        53f5b37e5f269619733ed445,
        53f600845f269619733ed4ca,
        53f85eba8da024452490e5ca,
        53f893f68da024452490e613,
        53f97155c15ff5a446a7ce52,
        53fb1cd29b327845667eb28b,
        53fb8e7e9b327845667eb35c,
        53fc856c004dacab11e4d894,
        53fe1d77ef8741bd3e1d9c4d,
        53ff3b426535c1ae0d279cbf,
        53ffc4ced820b026235ab23a,
        5404a66bb642edc2145c0262,
        5404b32ab642edc2145c02fc,
        54056b39b642edc2145c0850,
        5405b6c1b642edc2145c0a66,
        54071880b642edc2145c1587,
        540f2e7ecd5800231f0f0d09,
        5410300ad6f7950e0af144d9,
        5411c9ead6f7950e0af14db0,
        541780a1ade77f5e2568c058,
        541c91e6dd775bb9438f3b8c,
        5422da3548ff358f01d3f763,
        5425f0258fc9bbd20f98a078,
        54297730b330e67d02e0d9f8,
        542aa40f2af0b86e4103ddac,
        542bc2972af0b86e4103f81e,
        542cfdff77d911f14345eadb,
        5434cadcf2c92b32165d348d,
        543540de5637e1ab046bf561,
        5435bd515637e1ab046c0392,
        543f1dc1c5dd17301aba477e,
        5460490b1f921e210f81d732,
        53fc0a8222e48ae67a2ff395,
        53d39cc56fe975bf7bc4eaac,
        53ea733c08d7b959792ad7d2,
        53e8b8ac31ec8e1207f94ee9,
        53bcc6aa99c3390c0215ce9a,
        53b40cdb8b6e804410688d6d,
        53b29771ecbeb77d4fc5d317,
        53b29771ecbeb77d4fc5d5d8,
        53b29772ecbeb77d4fc5da8c,
        53b41d388b6e804410688d96,
        53b6b87d28e192ab63386c50,
        53ba60c40394a5ae312f8260,
        53bad3672c076b674eaa20d3,
        53bbbca1686ce5317f846988,
        53bfaedea7033438237fd661,
        53c5a0e81dc89ce862531224,
        53fc814d004dacab11e4d884,
        53c6a181bbf67470243ba277,
        53c6baca06163dcf2886605d,
        53c7292706163dcf28866097,
        53c769a206163dcf288660b8,
        53c79c8206163dcf288660db,
        53c7d583edbbccae65cbb683,
        53c7e74fedbbccae65cbb6b3,
        53c7fc6d529d70486f95568b,
        53c80279529d70486f9556b1,
        53c8281f529d70486f9556ca,
        53c84560529d70486f9556da,
        53c87df6529d70486f9556ed,
        53c89e77529d70486f9556f5,
        53c9460c4c0227c5216c53f5,
        53c948a54c0227c5216c53fa,
        53c9a62a4c0227c5216c5432,
        53ca54c043eaac6264fcb34c,
        53ca828643eaac6264fcb35b,
        53cbb468deb111f3304c8461,
        53cbde73cf0f28ea352c6e32,
        53cc158c0ec8f82045e15ea7,
        53cc3b95cbc7fd154ae9958d,
        53ccfb37541492f274c5fb90,
        53cd283cf95480d57c192f53,
        53cd3eff069f2929039aea49,
        53cde210e03e973027e48d09,
        53ce61ebf24a62de523ba955,
        53ce7804d81a6e24589709e3,
        53ce974d28463ebf5dfd499c,
        53cec79bd2a7eb4768532174,
        53cecb3ed2a7eb4768532177,
        53cee52f1df153736d487229,
        53ceea873aab8fae72408f00,
        53cf0c3f87aebdcf77f757cb,
        53cf9f0b33f36f3b18cc9dcf,
        53cfa73233f36f3b18cc9de3,
        53cfaaac33f36f3b18cc9de5,
        53cfb09eb6b865fb1d72b14e,
        53cfb566b6b865fb1d72b154,
        53cfc11fb6b865fb1d72b170,
        53cfea772dedbc432f985411,
        53d00a93cd365f76377237b0,
        53d00b24cd365f76377237b2,
        53d012a6c688bba439356be1,
        53d03dbc967759a041d623ac,
        53d05dc2df792ec947d45d51,
        53d08a3407ccdb8055cb38f6,
        53d0d032823e7ee566671f97,
        53d0f1a6cfacaa3d6f0f2448,
        53d261d1e876a223417d8858,
        53d2dc089c8ac4ef529cc6d9,
        53d50e1d0683caf15105cbe0,
        53d52627e8945b82546fe3c1,
        53d5aaf361946fa571662f9d,
        53d679a1e6c123a8198c4102,
        53d71025cbec6306415a3d49,
        53d745765ba0590a4a759965,
        53d7caa7cf161ac018092abb,
        53d7f0c3b333ac131c62579e,
        53d8648cb333ac131c6257b1,
        53d8928d3b13ec9d1ebb2b66,
        53d89ace3b13ec9d1ebb2b6a,
        53d8f0393b13ec9d1ebb2b96,
        53d910fe3b13ec9d1ebb2bb6,
        53d93ad15df89fe833a6416d,
        53d95fce0789ef6f2db57f7e,
        53d9818a5df89fe833a64186,
        53d9dc795df89fe833a6419b,
        53da55935df89fe833a6420c,
        53da5c4e0789ef6f2db5800c,
        53da652a0789ef6f2db58013,
        53da84705df89fe833a6422d,
        53daae8b5df89fe833a6423a,
        53db7a290789ef6f2db5807f,
        53db8a0d0789ef6f2db5808a,
        53db984a0789ef6f2db58090,
        53dbac550789ef6f2db5809a,
        53dbd3915df89fe833a6429b,
        53dc93bd0789ef6f2db580cd,
        53dd18c50789ef6f2db58100,
        53dd5ee90789ef6f2db58119,
        53dd91ba5df89fe833a642f0,
        53de8d755f8046b97e6ba53b,
        53df1b90d792410807573233,
        53df5ed0d792410807573240,
        53df8646d792410807573257,
        53df89a3d79241080757325a,
        53dfa1f3d79241080757328b,
        53dfd2b7d7924108075732c7,
        53dfe369d7924108075732d4,
        53dfe899d7924108075732dc,
        53e07573d792410807573328,
        53e0cb1ed792410807573376,
        53e0d67cd79241080757337b,
        53e0eefad7924108075733a3,
        53e0ef92d7924108075733a4,
        53e13064cae1a5e1310773c9,
        53e18be4d7403e803c5993ad,
        53e1f6b56079b5b143c3f843,
        53e21d3e6079b5b143c3f86b,
        53e268c56079b5b143c3f913,
        53e270366079b5b143c3f919,
        53e309e56079b5b143c3f974,
        53e34d1d6079b5b143c3f9a0,
        53e3c01bc6a9b1b55e79858f,
        53e41876c6a9b1b55e7985bf,
        53e449d4c6a9b1b55e7985cd,
        53e4c34e08c7cdf97977afcf,
        53e5785531ec8e1207f94d76,
        53e786fd31ec8e1207f94e57,
        53e832d231ec8e1207f94e9c,
        53e8af1b31ec8e1207f94edb,
        53e8d03e31ec8e1207f94f0d,
        53e8eb9731ec8e1207f94f3a,
        53e8fbebd108701c46aae440,
        53e8ffeed108701c46aae445,
        53e9083cd108701c46aae44e,
        53e94fa2d108701c46aae480,
        53e98886d108701c46aae4b2,
        53ea1d2dd108701c46aae569,
        53ea1f54d108701c46aae573,
        53ea24fdd108701c46aae587,
        53ea37e9d108701c46aae5d6,
        53ea4261d108701c46aae5f3,
        53ea4dfcd108701c46aae607,
        53ea5744d108701c46aae624,
        53ea6fd408d7b959792ad7d1,
        53ea8bdd08d7b959792ad80c,
        53eaa4cc08d7b959792ad815,
        53eabec808d7b959792ad828,
        53eae53608d7b959792ad850,
        53eb231e08d7b959792ad86a,
        53eb32b1ca903e8012ce782a,
        53eb780b2021ecb01d1e1240,
        53eb90c92021ecb01d1e1264,
        53ebb9922021ecb01d1e1295,
        53ec1f2d2021ecb01d1e12ce,
        53ec58122021ecb01d1e12e3,
        53ecac4a2021ecb01d1e1366,
        53ecdf2260d6d1ee40885a36,
        53ed01bf60d6d1ee40885a68,
        53ed4e1760d6d1ee40885aa6,
        53edb55960d6d1ee40885ad4,
        53ee1a3060d6d1ee40885afc,
        53efa72a3148ebbf71c5212b,
        53efabbf3148ebbf71c5212e,
        53efeae13148ebbf71c52164,
        53f23ffe5586a05706da59ed,
        53f27b0d5586a05706da5a20,
        53f29a855586a05706da5a2b,
        53f2ab2b5586a05706da5a37,
        53f368ea9836a8134a2c8e33,
        53f4b4125f269619733ed375,
        53f515e65f269619733ed3d0,
        53f563f35f269619733ed3fe,
        53f5ef4e5f269619733ed4a1,
        53f61c9c5f269619733ed511,
        53f66da34d466474028758f1,
        53f74e284d4664740287598f,
        53f7bd9a8da024452490e599,
        53f819648da024452490e5af,
        53f863e28da024452490e5d0,
        53f8db568da024452490e632,
        53f91c458da024452490e64f,
        53f9eca0c15ff5a446a7ce7a,
        53fab76437f6a16553bb7e82,
        53fb31529b327845667eb2c1,
        53fb43739b327845667eb2f7,
        53fb6a1e9b327845667eb332,
        53fb6aa89b327845667eb334,
        53fb6c0c9b327845667eb335,
        53fb73c99b327845667eb33d,
        53fb826d9b327845667eb350,
        53fbbeea22e48ae67a2ff37a,
        53fbdaea22e48ae67a2ff38a,
        53fc521b22e48ae67a2ff3e6,
        53fcdb4f777614e518692613,
        53fdbb06d45861422c8f3bb6,
        53fde0efd45861422c8f3bee,
        53fdeac7d45861422c8f3bf9,
        53fdfaf1ef8741bd3e1d9c12,
        53fe0bf7ef8741bd3e1d9c34,
        53fe4443ef8741bd3e1d9c78,
        53feb31aef8741bd3e1d9cbc,
        53fed708ef8741bd3e1d9cd0,
        53ff42416535c1ae0d279ce5,
        53ff6c00d820b026235ab1e7,
        540075e5175fa12c4fcc442b,
        5401c7ff8f2935c14165187f,
        5401f6d28f2935c1416518d8,
        5402d06c8f2935c141651958,
        540346938f2935c1416519eb,
        540380b48f2935c141651a2d,
        5404611bb642edc2145c006a,
        5404a862b642edc2145c027d,
        5404dacab642edc2145c0537,
        5404df3ab642edc2145c05a3,
        5404df4cb642edc2145c05a7,
        54058cacb642edc2145c0903,
        540594e3b642edc2145c0941,
        5405a98db642edc2145c09fa,
        540606f1b642edc2145c0dc1,
        54060ea8b642edc2145c0e22,
        5406e04cb642edc2145c137a,
        54073a1fb642edc2145c169d,
        54076edcb642edc2145c1853,
        54077ac3b642edc2145c1885,
        5408da037bde342c2366ed27,
        5409c4c77bde342c2366efd9,
        540b7f2a7bde342c2366fcbb,
        540df31ccd5800231f0f0659,
        540e8ac5cd5800231f0f0955,
        540eaae4cd5800231f0f09d7,
        540f0cefcd5800231f0f0c4b,
        540f2aa2cd5800231f0f0ced,
        540f4a98cd5800231f0f0de2,
        540f5b35cd5800231f0f0e41,
        540f68b0cd5800231f0f0e86,
        540fa82cd6f7950e0af14216,
        541008afd6f7950e0af143cc,
        54103df3d6f7950e0af14561,
        54106174d6f7950e0af1466b,
        5410983bd6f7950e0af147e1,
        5410e0d2d6f7950e0af1493e,
        54110ceed6f7950e0af149c6,
        5411cd76d6f7950e0af14dd6,
        5412f5aed6f7950e0af154a1,
        5413f14fc3414b50470215e4,
        5416eb67c3414b5047022570,
        541744446199864d0d5b4649,
        5418acd0ade77f5e2568d756,
        5418d68eade77f5e2568da14,
        5418dc3cade77f5e2568da51,
        5419d101ade77f5e2568ec8a,
        541dae2fdd775bb9438f4c62,
        541e154add775bb9438f53ba,
        541f7b6fdd775bb9438f682e,
        54216c21f479290623c17848,
        542454c88fc9bbd20f987df4,
        5424a5098fc9bbd20f988462,
        54250a908fc9bbd20f988bea,
        54260adb8fc9bbd20f98a22a,
        542815dd8fc9bbd20f98c716,
        5429b52c7068f84d57a2d3eb,
        542a6d6d7068f84d57a2e2ea,
        542aae962af0b86e4103dea1,
        542abc502af0b86e4103e055,
        542ade892af0b86e4103e475,
        542af69d2af0b86e4103e6dc,
        542b29302af0b86e4103ec4f,
        542d55be77d911f14345f1e8,
        542e7863ecd1286e294bf29d,
        543561575637e1ab046bf905,
        54466f049fec44403ac9de6a,
        54468fac9fec44403ac9e202,
        54517f829d3e71302b5e2eeb,
        53fc7ec6004dacab11e4d880,
        53d7a358e8bd39b016b19a80,
        540d87d47bde342c23670be2,
        53fb91e39b327845667eb35f,
        54007ee6175fa12c4fcc443e,
        53d26893c3a22fcf42a2e458,
        53fd71f0777614e518692667,
        53fb42b99b327845667eb2f6,
        53f6d0024d4664740287591f,
        53f49c439836a8134a2c8f7c,
        53f200955586a05706da598d,
        53e0d90dd79241080757337c,
        53e903c3d108701c46aae448,
        53e9a7d7d108701c46aae4ca,
        53e69e2e31ec8e1207f94e0f,
        53e2b5dc6079b5b143c3f959,
        53d9f83b0789ef6f2db57fa9,
        53d85cfd3b13ec9d1ebb2b57,
        53d60ce161946fa571662fb5,
        53ce4a657dd3da584c78ffe5,
        53cd03e6541492f274c5fb94,
        53b329418b6e804410688ca9,
        53bc06225039c8aa4fee1051,
        53ba94db9d3e412043e733c9,
        53b68f6c28e192ab63386c10,
        53b58aa48b6e804410688ecc,
        53b40cc78b6e804410688d6c,
        53b29774ecbeb77d4fc5df75,
        53b29771ecbeb77d4fc5d4b8,
        53b29770ecbeb77d4fc5d175,
        53b29770ecbeb77d4fc5d119,
        53b29770ecbeb77d4fc5d135,
        53b29770ecbeb77d4fc5d149,
        53b29771ecbeb77d4fc5d1d0,
        53b29771ecbeb77d4fc5d21c,
        53b29771ecbeb77d4fc5d263,
        53b29771ecbeb77d4fc5d34b,
        53b29771ecbeb77d4fc5d444,
        53b29771ecbeb77d4fc5d461,
        53b29771ecbeb77d4fc5d4a1,
        53b29771ecbeb77d4fc5d597,
        53b29772ecbeb77d4fc5d99b,
        53b29772ecbeb77d4fc5da65,
        53b29772ecbeb77d4fc5db82,
        53b29773ecbeb77d4fc5dbbd,
        53b29773ecbeb77d4fc5dbf7,
        53b29773ecbeb77d4fc5dd14,
        53b29773ecbeb77d4fc5dd4a,
        53b29773ecbeb77d4fc5de27,
        53b29773ecbeb77d4fc5deaf,
        53b29773ecbeb77d4fc5df1d,
        53b2f7668b6e804410688c56,
        53b30a6b8b6e804410688c7a,
        53b310628b6e804410688c83,
        53b334f98b6e804410688cad,
        53b3c8e68b6e804410688cf4,
        53b40a158b6e804410688d68,
        53b40a858b6e804410688d69,
        53b41c238b6e804410688d92,
        53b42a488b6e804410688da8,
        53b547bf8b6e804410688e55,
        53b57b848b6e804410688ec0,
        53b6e2d628e192ab63386c6f,
        53b7867167aa5c011d6b709a,
        53b7ca2db1a2544c2db77b6f,
        53b837c527670dbe42d31753,
        53b8be35440ff9d45ea3600b,
        53b9c598ffe488dc14f1428a,
        53b9dbe0e67b85381af07462,
        53ba3c7272564bbd2b2f8e4a,
        53ba84bafe3f00843c35f835,
        53ba94709d3e412043e733c8,
        53baab7b6912d119483490ff,
        53bab90f6912d11948349110,
        53bad0732c076b674eaa20d1,
        53baf50ff04c173559e1b586,
        53bbff555039c8aa4fee1039,
        53bc037d5039c8aa4fee104a,
        53bcd6bd99c3390c0215cea2,
        53bd4cd7f8b273b41dfc26f5,
        53bd4f77f8b273b41dfc26fb,
        53bdb3439416ee1a3672bd2e,
        53bea2548c98921a681d009f,
        53bea8df8c98921a681d00aa,
        53beeaa308577e06798ea03c,
        53bf1b649c3a31cc0520eec3,
        53bfa9cca7033438237fd660,
        53bfc4ecd1f9dd8d28a5410b,
        53bfe9c8ec2b926d2d14015f,
        53bff7bab0c8bcda32d4bc5e,
        53c00a70add7234538362046,
        53c029caf5ad88cb3bd6cc18,
        53c25ef3268781203203a870,
        53c2a991d4b8a97642bef282,
        53c2b944d6cb061c48c47427,
        53c2d8fb5145b0664d72bfc8,
        53c3a551375c37d574dd3bca,
        53c519cbf847ba8b43e561d0,
        53c54a2c52d1ec494eddcd2d,
        53c56c1c6edc5f1759a06820,
        53c572b56edc5f1759a06826,
        53c58e4f3e60f6055e4f1406,
        53c64385b3cc027a0581cfe0,
        53c647e2b3cc027a0581cfe7,
        53c6508b0b5ca05e0b53c68e,
        53c659850b5ca05e0b53c6a2,
        53c677b47a6c3ece10bdf028,
        53d76b98cb169dfd0fb47f0c ] } }
Crystal Porter;crystalportermusic@gmail.com;'active';53b29770ecbeb77d4fc5d119
Linda Heirbaut;lindaheirbaut@skynet.be;'active';53b29770ecbeb77d4fc5d135
Phil Monty and The Big Space Jellyfish;philmontaperto@yahoo.com.au;'active';53b29770ecbeb77d4fc5d149
Ron Kauffman;ronkauffman5040@comcast.net;'active';53b29770ecbeb77d4fc5d154
paul fogarty;paulfogartymusic@yahoo.com.au;'active';53b29770ecbeb77d4fc5d175
Susan A Stevens;ssinmusic@live.com;'active';53b29771ecbeb77d4fc5d1d0
Palumbo and the Funk;blindmanjumbo@yahoo.com.au;'active';53b29771ecbeb77d4fc5d21c
BERDOO;jcberdoo@hotmail.com;'active';53b29771ecbeb77d4fc5d263
Breast Implosion;phildaar@hotmail.com;'active';53b29771ecbeb77d4fc5d317
Bob Findlay;bobage9@yahoo.com.au;'active';53b29771ecbeb77d4fc5d34b
Roberto Nochez;rcnochez@hotmail.com;'active';53b29771ecbeb77d4fc5d444
Gatha Princess;gathaprincess242@hotmail.com;'active';53b29771ecbeb77d4fc5d461
Schirmbeck and Schott;volker.schirmbeck@osnanet.de;'active';53b29771ecbeb77d4fc5d4a1
Ruslan Moiseev;rusmoiseev@yahoo.com;'active';53b29771ecbeb77d4fc5d4b8
X Contract;speagham@hotmail.com;'active';53b29771ecbeb77d4fc5d597
AAKAR;aakartherockband@gmail.com;'active';53b29771ecbeb77d4fc5d5d8
Blame Zeus;blamezeusband@gmail.com;'active';53b29771ecbeb77d4fc5d636
II. Franz;ll.franz@freemail.hu;'active';53b29771ecbeb77d4fc5d6b1
Deangersmith;deangersmith@yahoo.co.uk;'active';53b29772ecbeb77d4fc5d99b
LaWanda Lee;lawandalee@gmail.com;'active';53b29772ecbeb77d4fc5d9e5
Humble P;peternyirenda70@yahoo.com;'active';53b29772ecbeb77d4fc5da65
Mia Richelle;miarichelle94@gmail.com;'active';53b29772ecbeb77d4fc5da8c
Meco Jay;mecojay1@gmail.com;'active';53b29772ecbeb77d4fc5db82
LUMI DC;lumidacoolest@gmail.com;'active';53b29773ecbeb77d4fc5dbbd
Eddy Tan Hsiao Hwa;eddytanhh@yahoo.com;'active';53b29773ecbeb77d4fc5dbf7
Fénykorom;honkmester@gmail.com;'active';53b29773ecbeb77d4fc5dc67
Dark Evolution;mendoncaclintonc@gmail.com;'active';53b29773ecbeb77d4fc5dd14
POST.SCRIPTUM.;ingvar1982@mail.ru;'active';53b29773ecbeb77d4fc5dd4a
Alvin;alvin.journey@live.com;'active';53b29773ecbeb77d4fc5de27
Lubomir Velev;lvelev@abv.bg;'active';53b29773ecbeb77d4fc5de5a
The Other Colors;info@theothercolors.com;'active';53b29773ecbeb77d4fc5deaf
Ritchie Perkoff;petchev73@gmail.com;'active';53b29773ecbeb77d4fc5dedc
Before and After -Philippines-;bajistadurias@gmail.com;'active';53b29773ecbeb77d4fc5df1d
Santiago Ferreira;santiagoferreira@email.cz;'active';53b29774ecbeb77d4fc5df75
Morgan Kane;magnusm483@gmail.com;'active';53b2f7668b6e804410688c56
CloudBurstSound;cloudburstsound@gmail.com;'active';53b30a6b8b6e804410688c7a
HorizoN;horizon.rock@yandex.ru;'active';53b310628b6e804410688c83
Úrsula;bandaursula@gmail.com;'active';53b3113e8b6e804410688c8a
Cloudship;cloudshipmusic@gmail.com;'active';53b329418b6e804410688ca9
Crow Mother ;info@crowmother.com;'active';53b334f98b6e804410688cad
BAK XIII;bakxiii@hotmail.com;'active';53b33a158b6e804410688cae
Vladimir Christopher;smtp_1976@mail.ru;'active';53b3ad138b6e804410688cd6
Aube L;aubelalvee@live.fr;'active';53b3c8e68b6e804410688cf4
Monkey Tank;monkeytankband@gmail.com;'active';53b3de3d8b6e804410688d19
STEFANIA TASCA;stefy.tasca@fastwebnet.it;'active';53b3ec238b6e804410688d3a
Dead Boys Girlfriend;n3k1t.dbg@gmail.com;'active';53b409298b6e804410688d63
Racuch&Drapol;marcinradzki4@wp.pl;'active';53b40a158b6e804410688d68
Edhelmar;edhelmar.es@gmail.com;'active';53b40a858b6e804410688d69
BOGDANL;bogdan.lagodzinski@gmail.com;'active';53b40cc78b6e804410688d6c
THE BAJIKANS ;thebajikans@icloud.com;'active';53b40cdb8b6e804410688d6d
Rlyeh1;s_dacco@yahoo.it;'active';53b40de58b6e804410688d72
The Ripple Road Band ;anngendan@nj.rr.com;'active';53b41c238b6e804410688d92
Contact High;contacthighband@gmail.com;'active';53b41d388b6e804410688d96
5 Sentidos;grupomusical.5sentidos@gmail.com;'active';53b42a488b6e804410688da8
Bhy2r;infos@rwmuzik.com;'active';53b47b5f8b6e804410688def
Dead Man Tell No Lies;devilidea@yahoo.fr;'active';53b4bc7c8b6e804410688e11
Amusant Antenna;amusant_antenna@mail.ru;'active';53b547bf8b6e804410688e55
Purple People Park;dbartonfink@telenet.be;'active';53b54d518b6e804410688e69
Model Human;modelhumanoid@gmail.com;'active';53b57b848b6e804410688ec0
Wonder Vincent;wondervincentband@gmail.com;'active';53b58aa48b6e804410688ecc
AYANA JOHN;management.aj@gmail.com;'active';53b5bd728b6e804410688f2b
Werd (SOS);sos.edinburgh@gmail.com;'active';53b68f6c28e192ab63386c10
Blasted;info@blasted.ch;'active';53b6b87d28e192ab63386c50
Odoghan;odoghan@gmail.com;'active';53b6e2d628e192ab63386c6f
EXEL;haydentape@hotmail.co.uk;'active';53b72f4da60fd7560bc11b12
Varitram;karuneshpy666@gmail.com;'active';53b7867167aa5c011d6b709a
Distorted Stars;shluhin69@gmail.com;'active';53b7ca2db1a2544c2db77b6f
Hello Future;hellofuturechannel@gmail.com;'active';53b837c527670dbe42d31753
TLAG;tlag_tl@hotmail.com;'active';53b8be35440ff9d45ea3600b
Captain Bedderz;bedderz72@gmail.com;'active';53b934ecd9e3024277f0031f
Oceansea;oceanseamusic@gmail.com;'active';53b9c598ffe488dc14f1428a
Abanoub;abanoubsamir@ymail.com;'active';53b9dbe0e67b85381af07462
FRAN BRUNETTA;franciscobrunetta@gmail.com;'active';53ba3c7272564bbd2b2f8e4a
D.I.Y.M.;diymsound@gmail.com;'active';53ba60c40394a5ae312f8260
On Level;onlevelband@gmail.com;'active';53ba84bafe3f00843c35f835
Marty Kooistra;marty_ibanez@hotmail.com;'active';53ba94709d3e412043e733c8
ElectroO2;electroo2music@gmail.com;'active';53ba94db9d3e412043e733c9
Static Dark;staticdark78@gmx.ch;'active';53baab7b6912d119483490ff
Decano Flow;decanoflow@gmail.com;'active';53bab90f6912d11948349110
Yuri Halitski;ibanezzzrg270@gmail.com;'active';53bad0552c076b674eaa20d0
Mariana Masetto;info@estudiopuntoar.com.ar;'active';53bad0732c076b674eaa20d1
Karin Portmann;info@karinportmann.com;'active';53bad3672c076b674eaa20d3
Dmitry NE;dmitryne@yahoo.com;'active';53baf28df04c173559e1b584
Luke;statecznylukas@gmail.com;'active';53baf50ff04c173559e1b586
Massimiliano Carocci;info@massimilianocarocci.com;'active';53bb118c753a517d5eea5269
Jesus Overdrive;mail@jesusoverdrive.at;'active';53bbbca1686ce5317f846988
Tomates Rocky;tomatesrocky@gmail.com;'active';53bbf6a45039c8aa4fee1029
The white trip movement;thewhitetripmovement@outlook.com;'active';53bbff555039c8aa4fee1039
MyImaginaryFriends;mif.booking@gmail.com;'active';53bc037d5039c8aa4fee104a
Giliam;gillysk@gmail.com;'active';53bc06225039c8aa4fee1051
The lesser apes;thelesserapes@gmail.com;'active';53bc119f215ca4f456e2994b
Jim Ankan Deka;jim@easternfare.com;'active';53bcc6aa99c3390c0215ce9a
BLACK INFINITY ;blackinfinity3105@yahoo.com;'active';53bcd6bd99c3390c0215cea2
Ahero;massimo.marotta@gmail.com;'active';53bd4cd7f8b273b41dfc26f5
Furkan;fooo@hotmail.de;'active';53bd4f16f8b273b41dfc26f9
ANIL;franticy@gmail.com;'active';53bd4f77f8b273b41dfc26fb
LA PUZZYDOLL;lapuzzydoll@gmail.com;'active';53bdb3439416ee1a3672bd2e
smn lnr;simon.lehner@chello.at;'active';53be5f4ce3148e9c5793f0ed
Hi-Def;imhidef@gmail.com;'active';53be8be6ff4d8e5262dc8498
Shore Drive;aterlizzi9@gmail.com;'active';53bea2548c98921a681d009f
Nabrium;vbludo@yahoo.com;'active';53bea8df8c98921a681d00aa
Die 5 Lustigen 4;wolfgang.hessenberger@gmx.at;'active';53beeaa308577e06798ea03c
feed my soul;vicfraga@hotmail.com;'active';53bf1b649c3a31cc0520eec3
Ilyas Vekilov;vekilovilyas@hotmail.com;'active';53bfa9cca7033438237fd660
Ido Spak;idospak@gmail.com;'active';53bfaedea7033438237fd661
Ashes To Fire;4shestofire@gmail.com;'active';53bfc4ecd1f9dd8d28a5410b
jordi kuragari;info@jordikuragari.de;'active';53bfdc86ec2b926d2d14015a
Alice NPS;alicenelpaesesuo@gmail.com;'active';53bfe9c8ec2b926d2d14015f
Jim Newell;james.m.newell@sbcglobal.net;'active';53bff7bab0c8bcda32d4bc5e
Rob Mozes;robmoz06@yahoo.com;'active';53c00a70add7234538362046
LFNT;ran.lfnt@gmail.com;'active';53c029caf5ad88cb3bd6cc18
DEEJAY MB;marouane.baissa@gmail.com;'active';53c247601a4e1acd2c242e60
THE NUV;chris_malvin@virgilio.it;'active';53c25ef3268781203203a870
Abdul Selassie;selassievor@gmail.com;'active';53c2a991d4b8a97642bef282
STONERUST;stonerustband@gmail.com;'active';53c2b944d6cb061c48c47427
MARCOS SOTO URIBE;sotouribemarcos@gmail.com;'active';53c2d8fb5145b0664d72bfc8
CEPASA;booking@cepasaofficial.com;'active';53c3966c375c37d574dd3bb3
Phobix;hello@nisslmueller.biz;'active';53c3a551375c37d574dd3bca
VERDECANE;info@verdecane.com;'active';53c41861e141062d1132be30
HALL OF GLASS;kazuhi-6@cablenet.ne.jp;'active';53c519cbf847ba8b43e561d0
Jimmy Steeltown;jimmysteeltown@gmail.com;'active';53c54a2c52d1ec494eddcd2d
MOONJACK ;momokoronfigure393@yahoo.co.jp;'active';53c565976edc5f1759a0681a
muga;a.marinelli86@gmail.com;'active';53c56c1c6edc5f1759a06820
Plan Marshall;contacto.caravanarock@gmail.com;'active';53c572b56edc5f1759a06826
Nito Ferri;nitoferri77@libero.it;'active';53c58e4f3e60f6055e4f1406
Jamaica Style;sungrilamusic@gmail.com;'active';53c5a0e81dc89ce862531224
meld survivor;meldsurvivor@gmail.com;'active';53c5de47d47a1f7e6dfd53db
James Rogerson;jirogerson@googlemail.com;'active';53c64385b3cc027a0581cfe0
Little Red Planes;heykid90@ca.rr.com;'active';53c647e2b3cc027a0581cfe7
Puerto;studio@beonmind.com;'active';53c6508b0b5ca05e0b53c68e
Balu & die Surfgrammeln;wolfgang.birkfellner@meduniwien.ac.at;'active';53c659850b5ca05e0b53c6a2
Rozdiel;kapelarozdiel@gmail.com;'active';53c66c367a6c3ece10bdf014
ZIelinska;julita-zielinska1@wp.pl;'active';53c677b47a6c3ece10bdf028
The Lost Ctrl;ryoichi365@gmail.com;'active';53c6a181bbf67470243ba277
Uwe Arthur Felchle;basslastiger.uwe@gmail.com;'active';53c6a69c06163dcf2886603d
Jaq Mackenzie;jaqroxmusic@gmail.com;'active';53c6baca06163dcf2886605d
Rock Rockies;a7med.asaad@gmail.com;'active';53c6c15606163dcf28866063
Mystical Mirage;m2musicband@gmail.com;'active';53c7292706163dcf28866097
Ryan Thomas Carroll;2ryan.carroll@gmail.com;'active';53c72bfb06163dcf28866099
MODEL KAOS;modelkaosband@googlemail.com;'active';53c769a206163dcf288660b8
The Akabane Vulgars on Strong Bypass;theakabane@hotmail.co.jp;'active';53c77b5e06163dcf288660d1
Pink-HOUSE;anti2493@gmail.com;'active';53c79c8206163dcf288660db
IVORY;sokol3d@gmail.com;'active';53c7b6b006163dcf28866106
Premortal Breath;tommybuerger@googlemail.com;'active';53c7d4fbedbbccae65cbb682
Mariella Venero;mariellavenero@gmail.com;'active';53c7d583edbbccae65cbb683
The Benefit Thieves;info@thebenefitthieves.com;'active';53c7e618edbbccae65cbb6af
Vanilla base;vanillabase@gmail.com;'active';53c7e74fedbbccae65cbb6b3
Otro Feeling;otrofeeling@gmail.com;'active';53c7f8d6529d70486f955683
King Hopeton;doublelionstudio@gmail.com;'active';53c7fc6d529d70486f95568b
Little Coyote;contact@littlecoyote.com.au;'active';53c80279529d70486f9556b1
Buso von Kobra;busovonkobra@yahoo.com;'active';53c8281f529d70486f9556ca
Spider;spiderpunkrock@gmail.com;'active';53c833f9529d70486f9556d2
Big Little Lions;helen@helenaustin.com;'active';53c84560529d70486f9556da
El Yen;el.yen_@hotmail.com;'active';53c87df6529d70486f9556ed
Laley;laleymusica@gmail.com;'active';53c89e77529d70486f9556f5
Shayan Abbas;darubillah@msn.com;'active';53c9460c4c0227c5216c53f5
HSPinfect;hspinfect@gmail.com;'active';53c948a54c0227c5216c53fa
Ayni & Farley G.;farleygenemusic@gmail.com;'active';53c994d74c0227c5216c542e
JANU;montesdeoca.rossana@gmail.com;'active';53c9a62a4c0227c5216c5432
Minelia Joss;mineliajoss.music@gmail.com;'active';53c9b5024c0227c5216c5434
∀Y∀;4y4ism@gmail.com;'active';53ca49f543eaac6264fcb345
Eisuke Sumiyoshi ;akkamen@hotmail.com;'active';53ca54c043eaac6264fcb34c
ansu busatang;janansubj1@gmail.com;'active';53ca828643eaac6264fcb35b
The Protesters;theprotesters.music@gmail.com;'active';53cb8ee4f7278d51091db698
András Varga;vargaand@bibl.u-szeged.hu;'active';53cbb468deb111f3304c8461
Slow Thorn;slowthorn@gmail.com;'active';53cbcd9acf0f28ea352c6e0a
DJ SOUMA;soumabrowup@gmail.com;'active';53cbde73cf0f28ea352c6e32
Kálmán Ulliel;kalmanulliel@gmail.com;'active';53cc158c0ec8f82045e15ea7
Tommy Blue;info@tommyblue.com;'active';53cc3b95cbc7fd154ae9958d
Samma The Miss;sammathemiss@gmail.com;'active';53ccfb37541492f274c5fb90
This Is All Now;thisisallnowband@gmail.com;'active';53cd03e6541492f274c5fb94
Gospel Boys;gospelboys242@gmail.com;'active';53cd1b1cf95480d57c192f47
Lady Dandelion;ladydandelionmusic@gmail.com;'active';53cd2692f95480d57c192f51
Monkey Heads;monkeyheadsband@hotmail.com;'active';53cd283cf95480d57c192f53
Save Our Souls;max.loeper@web.de;'active';53cd3eff069f2929039aea49
Sean Ca$h;datboiseancash_musik@yahoo.com;'active';53cdaa60a27d450d1cb37ce1
NOID;noid.banda@hotmail.com;'active';53cde210e03e973027e48d09
Clade;posta@clade.info;'active';53ce335d9cdc74df463b61ca
Kadnay;kadnaymusic@gmail.com;'active';53ce4a657dd3da584c78ffe5
Wilson Way;wilsonwln@hotmail.com;'active';53ce61ebf24a62de523ba955
hackmonocut;d.hackmair@gmail.com;'active';53ce6205f24a62de523ba956
Mizard Bros;mizardbros@live.com;'active';53ce6ecbd81a6e24589709d1
Mundo Invisible;mundoinvisiblemi@gmail.com;'active';53ce6ff7d81a6e24589709d4
KRAS;hadewig.kras@telenet.be;'active';53ce7804d81a6e24589709e3
Lizzie Weber;lw.magnoliamusic@gmail.com;'active';53ce8c0828463ebf5dfd4987
Baby C;babyc604@gmail.com;'active';53ce974d28463ebf5dfd499c
Ocean of Fire;chiatriani@gmail.com;'active';53ce982328463ebf5dfd499d
Mantis with a Fork;mantiswithafork@gmail.com;'active';53cec064d2a7eb476853216f
Marinba Stone;marinbastone@gmail.com;'active';53cec79bd2a7eb4768532174
Andres Dizeo;dizeo78@hotmail.com;'active';53cec7eed2a7eb4768532175
La Bone Machine;cantabric@yahoo.com;'active';53cecb3ed2a7eb4768532177
HERMANOS LEBRON;lebronbrothers@yahoo.com;'active';53cee52f1df153736d487229
FAROS;info@ffaros.com;'active';53ceea873aab8fae72408f00
BearBones;wearebearbones@gmail.com;'active';53cf0c3f87aebdcf77f757cb
Jona Camacho;jonacmusic@gmail.com;'active';53cf4505360821b003b8b3dd
The Imaginary Suitcase;info@theimaginarysuitcase.be;'active';53cf58602a13210409db0504
Snowday;snowdaymail@yahoo.com;'active';53cf9f0b33f36f3b18cc9dcf
d.holder;dholdermusic@gmail.com;'active';53cfa73233f36f3b18cc9de3
Thomas Brunkard;thomas@brunkard.com;'active';53cfaaac33f36f3b18cc9de5
Alice Quint;alicequint@live.com;'active';53cfb09eb6b865fb1d72b14e
Moonradio;info@moonradio.nl;'active';53cfb566b6b865fb1d72b154
Ricky Rebel;rickyrebelrocks@gmail.com;'active';53cfbb9bb6b865fb1d72b166
Casa de David;casadedavid2014@gmail.com;'active';53cfc11fb6b865fb1d72b170
Oscar Peñas;info@oscarpenas.com;'active';53cfea772dedbc432f985411
Sir Yellow Trip;marcofacelli@hotmail.com;'active';53d00a93cd365f76377237b0
FIIFI SELAH;fiifiselah@gmail.com;'active';53d00b24cd365f76377237b2
SOUTHERN ROOTS;totooculto@hotmail.com;'active';53d012a6c688bba439356be1
Bruce Coughlan;bruce@songsmith.ca;'active';53d02f663d8ce5a43f7dbaaf
Toni Sprokk;tonisprok@gmail.com;'active';53d03dbc967759a041d623ac
THE FLYDAY;info@the-flyday.com;'active';53d05dc2df792ec947d45d51
Grind Away;grindawayrock@gmail.com;'active';53d08a3407ccdb8055cb38f6
Freaky Root;freakyroot@live.de;'active';53d0a505818b65cb5a4872fe
Dorian Opera;oli@weislogel.eu;'active';53d0bf0cdf3cb8966138cd50
Patch a Tire;lisa.serafina.bolen@hotmail.com;'active';53d0d032823e7ee566671f97
GENIUS;geniusxisxrock@gmail.com;'active';53d0f1a6cfacaa3d6f0f2448
THOMAS COMAS;diablesolitaire@gmail.com;'active';53d187cb5af3f5230cba10f6
The Man From Hell;lucanuspell@hotmail.ca;'active';53d19ffeb330dbba143b770e
Sol Tevél;liorbenhur@gmail.com;'active';53d1ba05b330dbba143b7717
Natasha Luna;nluna@pucp.edu.pe;'active';53d25e798e57273e3e766632
ONEr;ehyunjo@gmail.com;'active';53d261d1e876a223417d8858
I.A.G Liberia;nyemadave123@yahoo.com;'active';53d26893c3a22fcf42a2e458
Secret Lie;nuno@espantaespiritos.com;'active';53d2803574ae593847dba299
Beauty For Ashes;beautyforashesrwanda@gmail.com;'active';53d29cb215dcaf274f51d665
Sajjad Haider (supersajjad);thesupersajjad@gmail.com;'active';53d2dc089c8ac4ef529cc6d9
Birdbones;birdbones@gmx.com;'active';53d39cc56fe975bf7bc4eaac
Skitnicks;ivopesheff@gmail.com;'active';53d3ab8b6fe975bf7bc4eab1
LaSoul;lasoulstudio@gmail.com;'active';53d4cb7047da9ced2fc89d8f
Rock & Lace;galepetrou@hotmail.com;'active';53d50268f38ae93b464764d3
SLEEYO;sleeyo@libero.it;'active';53d50e1d0683caf15105cbe0
Razón De Ser;razondesercolombiarock@gmail.com;'active';53d52415e8945b82546fe3c0
Yann de Paris;yanndeparis2010@live.fr;'active';53d52627e8945b82546fe3c1
CfourJ;cfourj@gmail.com;'active';53d544f571fd14f759cf04bd
Bluebeat Makers;aroperales82@hotmail.com;'active';53d59830f1a929af6ba07439
-earth&space-;earthandspace2012@gmail.com;'active';53d5aaf361946fa571662f9d
memento森;smoke-talker@hotmail.co.jp;'active';53d60ce161946fa571662fb5
KATREVENDIS;katrevendis@gmail.com;'active';53d6276761946fa571662fcd
bitVox;bitvox.music@gmail.com;'active';53d671d5e6c123a8198c40f8
Sockface;sockfacemusics@gmail.com;'active';53d679a1e6c123a8198c4102
TENGGER CAVALRY;nature5@foxmail.com;'active';53d71025cbec6306415a3d49
ras nininn;ninchley.matombe@yahoo.com;'active';53d745765ba0590a4a759965
shmx;m.schaerfer@diamonddogs.cc;'active';53d76b98cb169dfd0fb47f0c
Ania Brzozowska;annabrzozowskaa@gmail.com;'active';53d7a358e8bd39b016b19a80
 CuteSagay;info@govimainvltd.com;'active';53d7caa7cf161ac018092abb
Yousuf Fidali;yousuf.fida@gmail.com;'active';53d7f0c3b333ac131c62579e
Watercolor Butterfly;watercolorbutterfly@hotmail.com;'active';53d8086a3b13ec9d1ebb2b49
The Draw;spencerbroschard@gmail.com;'active';53d85cfd3b13ec9d1ebb2b57
Mozaik The Producer;muzi@cgrecords.com;'active';53d8648cb333ac131c6257b1
Sky Rabbit;helloskyrabbit@gmail.com;'active';53d890363b13ec9d1ebb2b65
Fiona on Fire;fionaisonfire@googlemail.com;'active';53d8928d3b13ec9d1ebb2b66
Andrea Tai;cinnamaroll16@gmail.com;'active';53d89ace3b13ec9d1ebb2b6a
Ezzdean Duane;moutduane@live.fr;'active';53d8bb283b13ec9d1ebb2b82
Andra Kouyate;contact@you-and-art.org;'active';53d8cfdcb333ac131c6257e6
MickyB;mireilleboudewijns@hotmail.com;'active';53d8f0393b13ec9d1ebb2b96
Mc Chico RZC;rzmrap@hotmail.fr;'active';53d910fe3b13ec9d1ebb2bb6
Blackdo " The Missionary";blackdo@hiphopfan.com;'active';53d93ad15df89fe833a6416d
Urbanova;urbanovamusic@gmail.com;'active';53d95fce0789ef6f2db57f7e
Firebel Newen;ginoz77@live.com;'active';53d9818a5df89fe833a64186
Aimee Laryss Moseka;moseka9@live.com;'active';53d9891d5df89fe833a64189
Postino;junojuno2@gmail.com;'active';53d9b5865df89fe833a64190
The Provisos;davidkline@me.com;'active';53d9dc795df89fe833a6419b
Brenton;yobrenton@gmail.com;'active';53d9f83b0789ef6f2db57fa9
Subterranean Popular;subterraneanpopular@gmail.com;'active';53da3cc70789ef6f2db57ff1
scande;scandemusic@gmail.com;'active';53da55935df89fe833a6420c
VEINS;insaneperson999@gmail.com;'active';53da58d85df89fe833a6420f
Ipunk HLF;ipunklangoday@yahoo.co.id;'active';53da5c4e0789ef6f2db5800c
marco iacobini;marcoiacobini@yahoo.it;'active';53da652a0789ef6f2db58013
Patrice Lee;patriceleemusic@gmail.com;'active';53da726d0789ef6f2db58024
Stereotype Inc.;info@stereotypeinc.com;'active';53da766e0789ef6f2db5802a
Before Remains;edgar_punk14@hotmail.com;'active';53da84705df89fe833a6422d
Masai Jr ;masaijr@hotmail.com;'active';53da8bb20789ef6f2db58034
Chris O'Brien;chrisobrienmusic@gmail.com;'active';53daae8b5df89fe833a6423a
D i daniels;prouddid@gmail.com;'active';53db7a290789ef6f2db5807f
NATH THELIONS;nath.thelions@yahoo.co.id;'active';53db8a0d0789ef6f2db5808a
blackpaperplanes;artemschein@gmail.com;'active';53db984a0789ef6f2db58090
Irina Vidova;vidova@mail.ru;'active';53db9b7f5df89fe833a64283
Efinxace;fidel_hamoud@yahoo.com;'active';53dbac550789ef6f2db5809a
Superiots;logoaddicts@gmail.com;'active';53dbb8480789ef6f2db5809f
The Violent Youth;revenge_mcr@mail.ru;'active';53dbc8c75df89fe833a64298
First Kids;officialfirstkids@yahoo.com;'active';53dbd3915df89fe833a6429b
Dee Coy;deecoy008@gmail.com;'active';53dc93bd0789ef6f2db580cd
The-C-Bells;info@the-c-bells.com;'active';53dd18c50789ef6f2db58100
Mizz La Borde;ayannalaborde@gmail.com;'active';53dd441d5df89fe833a642da
Nebulae Come Sweet;igormaele@gmail.com;'active';53dd5ee90789ef6f2db58119
My hot lawyer;mesonit@gmail.com;'active';53dd91ba5df89fe833a642f0
BAD TRIP;kykmuha123@naver.com;'active';53ddf99e0789ef6f2db58131
BONNIE theband;bonnie.theband@gmail.com;'active';53de8d755f8046b97e6ba53b
MAEDA RYO;maeda_studio@i.softbank.jp;'active';53dec12d5f8046b97e6ba53e
TREASHY;kendyhttp@yahoo.com;'active';53df1b90d792410807573233
Silent Grey;matthew@silentgrey.com;'active';53df5ed0d792410807573240
Punk On Toast;punk.on.toast.mumbai@gmail.com;'active';53df8646d792410807573257
Audiokiss;info@audiokissmusic.com;'active';53df89a3d79241080757325a
The StoneWolf Band;luablue_20@hotmail.com;'active';53df9f2bd792410807573288
Shreevats Iyer;shreevats.avinash@gmail.com;'active';53dfa1f3d79241080757328b
Xodo;xodomusic@gmail.com;'active';53dfd2b7d7924108075732c7
Sorry, Come Again;sorrycomeagainmusic@gmail.com;'active';53dfe369d7924108075732d4
Xabra Xiss;xabraxiss@gmail.com;'active';53dfe73cd7924108075732d9
Jen Miller;jenerallyxspeaking@gmail.com;'active';53dfe899d7924108075732dc
Vernon Noronha;vernon1989@gmail.com;'active';53e07573d792410807573328
HASH;onairmusic@yahoo.com;'active';53e0ae8fd792410807573369
A.D. Weighs;adweighs@yahoo.com;'active';53e0cb1ed792410807573376
Analog;analog@bandanalog.kr;'active';53e0d67cd79241080757337b
Dance n Singalong;micron34@naver.com;'active';53e0d90dd79241080757337c
The Urban EarlyMen;theurbanearlymen@gmail.com;'active';53e0eefad7924108075733a3
Redemption;redempt.bnd.kol@gmail.com;'active';53e0ef92d7924108075733a4
Cadence Of Tears;cadenceoftears@gmail.com;'active';53e10b1acae1a5e13107738d
keisuke hayashi;meipontan715@gmail.com;'active';53e13064cae1a5e1310773c9
Backyard Dreaming;backyarddreamingband@gmail.com;'active';53e13dcfcae1a5e1310773cf
The Chronicles Band;aleyrobert80@yahoo.com;'active';53e18be4d7403e803c5993ad
Groove Radio;kirbas@me.com;'active';53e1f6b56079b5b143c3f843
Ally Mac via Moscato;moscatorocks@yahoo.com.au;'active';53e1f8e86079b5b143c3f847
Jean Cabbie & The Secret Admirer Society;jeancabbie@gmail.com;'active';53e218666079b5b143c3f85e
Enid Baerga;enidbaerga@gmail.com;'active';53e21d3e6079b5b143c3f86b
Atabal;maria_cay@yahoo.com;'active';53e226866079b5b143c3f891
Kaya;juanda_navarro@hotmail.com;'active';53e24d7a6079b5b143c3f8f4
What Lies Beyond;whatliesbeyondband@gmail.com;'active';53e268c56079b5b143c3f913
L.O.U.D.;jobest12@yahoo.com;'active';53e26c7d6079b5b143c3f916
4 DEGREES OF FREEDOM;4degreesoffreedom@gmail.com;'active';53e270366079b5b143c3f919
Cien al palo;cien_al_palo@hotmail.com;'active';53e2a80d6079b5b143c3f950
Amy Obenski;amy@obenski.net;'active';53e2b5dc6079b5b143c3f959
RipTide-India;avlamsox@gmail.com;'active';53e309e56079b5b143c3f974
Slaff;slaff.music@gmail.com;'active';53e34d1d6079b5b143c3f9a0
cronkite satellite;cronkitesatellite@gmail.com;'active';53e352ff6079b5b143c3f9a5
LocMaruhu;gatevivan@gmail.com;'active';53e359486079b5b143c3f9ad
Double Diese;saxon@inbox.lv;'active';53e377866079b5b143c3f9c5
singil station romance;tfgtfg33@naver.com;'active';53e398ddc6a9b1b55e798557
Víco Porras;vicoporras@me.com;'active';53e3c01bc6a9b1b55e79858f
The Static Dial;thestaticdial@sbcglobal.net;'active';53e3dadac6a9b1b55e79859d
Felix Luigino;felixluigino@gmail.com;'active';53e40121c6a9b1b55e7985b4
The Norton´s Project;antonionorton@hotmail.com;'active';53e41876c6a9b1b55e7985bf
Ryan Humphrey;hump77@gmail.com;'active';53e449d4c6a9b1b55e7985cd
The Wayfarer's Lyric;rajeev@foursymbols.com;'active';53e45433c6a9b1b55e7985d5
Horizon;horizontheband@outlook.com;'active';53e4c34e08c7cdf97977afcf
EdWorld AE;edworld69@gmail.com;'active';53e503d808c7cdf97977b005
Cameron Molloy;molloycc@rogers.com;'active';53e5785531ec8e1207f94d76
Don88r ;don.ramin@live.nl;'active';53e5aa1331ec8e1207f94d7e
Kebby Bhryam;kebbybhryam24@hotmail.com;'active';53e69e2e31ec8e1207f94e0f
Noiser;nata_r10@hotmail.com;'active';53e786fd31ec8e1207f94e57
The Dirty Skips;thedirtyskips@gmail.com;'active';53e7f0f831ec8e1207f94e92
Earth Heart;earthheartband@gmail.com;'active';53e832d231ec8e1207f94e9c
Gorki Greh;gorkigreh@gmail.com;'active';53e8af1b31ec8e1207f94edb
Ruff Sketch;ruffsketch8@gmail.com;'active';53e8b8ac31ec8e1207f94ee9
Jard;jardset@hotmail.com;'active';53e8d03e31ec8e1207f94f0d
Tim;timon483@gmail.com;'active';53e8d14831ec8e1207f94f0f
Vicuña Toy;vicunatoy@gmail.com;'active';53e8e93d31ec8e1207f94f34
The Wolios;thewolios@hotmail.es;'active';53e8eb9731ec8e1207f94f3a
Radicals;rafonex@gmail.com;'active';53e8fbebd108701c46aae440
EXENTOS;giansb2608@hotmail.com;'active';53e8fc78d108701c46aae441
Jocire;jocire@live.com;'active';53e8ffeed108701c46aae445
Chris Shutters;jlamb@jefflamb.com;'active';53e903c3d108701c46aae448
IVORYGOD;samopromotion@gmail.com;'active';53e9083cd108701c46aae44e
Alex Escher;welescher@yahoo.com.br;'active';53e924a9d108701c46aae46e
Elizabeth Storms;lornehemmerling@gmail.com;'active';53e93b0ed108701c46aae47b
Fake Flowers Real Dirt;fakeflowersrealdirt@gmail.com;'active';53e94fa2d108701c46aae480
DJ CRYZZ BETTER;djcrizz_pawer_sonido@live.com.mx;'active';53e96560d108701c46aae48d
Delio Retamozo;delio75@gmail.com;'active';53e96fdad108701c46aae496
Messgram;messgramofficial@gmail.com;'active';53e978b0d108701c46aae499
Paul Zach;pawlo111@gmail.com;'active';53e98886d108701c46aae4b2
Zoo;soundsatzoo@gmail.com;'active';53e9a7d7d108701c46aae4ca
Era of Sunrise;dixon.ltd50@gmail.com;'active';53e9ade0d108701c46aae4cf
DUBVOCALIZAMUSIC;dubvocalizamusic@gmail.com;'active';53e9f1bed108701c46aae52f
Clandestine Connoisseurs;clandestineconnoisseurs@gmail.com;'active';53ea1d2dd108701c46aae569
nowhitespace;paul.stoleriu@gmail.com;'active';53ea1f54d108701c46aae573
SOLUM;lcoronado@armasperu.com;'active';53ea24fdd108701c46aae587
Erick Jon;erick0jon@gmail.com;'active';53ea2cf1d108701c46aae5a3
Far Away ;mikevega345@hotmail.com;'active';53ea37e9d108701c46aae5d6
Moving Space;movingspaceband@gmail.com;'active';53ea4261d108701c46aae5f3
STEREOCOSMICA;stereocosmica@gmail.com;'active';53ea4967d108701c46aae5fc
Lidum Merrko;lidummerkoband@gmail.com;'active';53ea4dfcd108701c46aae607
Nine Treasures;askhan@qq.com;'active';53ea5744d108701c46aae624
TESAURUS;mikola.ptashnikoff@gmail.com;'active';53ea6fb108d7b959792ad7d0
Marco Akamawa;ebizzwizz@gmail.com;'active';53ea6fd408d7b959792ad7d1
Fernando Kno & La Corona;productora@knomusic.com;'active';53ea733c08d7b959792ad7d2
Guss Wright;gusswrightmusic@gmail.com;'active';53ea8bdd08d7b959792ad80c
Endless Rain;pholax@hotmail.com;'active';53eaa4cc08d7b959792ad815
Never Forsaken;neverforsakenmusic@gmail.com;'active';53eabec808d7b959792ad828
Norman Bataille;norman.danilo@gmail.com;'active';53eac9f508d7b959792ad832
Los Reptiles Mágicos;carlosib07@hotmail.com;'active';53eae53608d7b959792ad850
I Miss My Death;i_miss_my_death@mail.ru;'active';53eb231e08d7b959792ad86a
The Onyx World;info@theonyxworld.com;'active';53eb275508d7b959792ad872
INFERNO;infernokiev@gmail.com;'active';53eb32b1ca903e8012ce782a
The F16s;thef16s@gmail.com;'active';53eb6dbff8be18eb16102a85
BEEMBO;jeanpapabimbo@free.fr;'active';53eb780b2021ecb01d1e1240
NINROD;info@ninrod.com;'active';53eb90c92021ecb01d1e1264
Dirty Woman;management@dirtywoman.net;'active';53ebb9922021ecb01d1e1295
Contrabanda;contrabandanex@live.com;'active';53ec1f2d2021ecb01d1e12ce
krii;wubai262002@gmail.com;'active';53ec58122021ecb01d1e12e3
Matteo Palmer;matteoplmr1996@gmail.com;'active';53ecac4a2021ecb01d1e1366
Lauriana (Juliana Klimenko);giuliani@list.ru;'active';53ecaf092021ecb01d1e1368
Super Cachorros;portillatono@gmail.com;'active';53ecdf2260d6d1ee40885a36
Prograss;prograsspat@gmail.com;'active';53ed01bf60d6d1ee40885a68
Donald Weil;donald.weil.c@gmail.com;'active';53ed4e1760d6d1ee40885aa6
The Boxtones;management@boxtonesband.com;'active';53edb55960d6d1ee40885ad4
Delta Shakedown;deltashakedown@gmail.com;'active';53ee1a3060d6d1ee40885afc
Norima;xpear@libero.it;'active';53ee5aa960d6d1ee40885b38
Vivace;batukeando@live.com;'active';53eed43160d6d1ee40885b51
Piedras vivas Mexico;luiscmorfi@yahoo.com.mx;'active';53efa72a3148ebbf71c5212b
Judaheart;judaheart@live.com;'active';53efab873148ebbf71c5212d
C.R.STREETZ;mrrozell216@gmail.com;'active';53efabbf3148ebbf71c5212e
Soul Creek;soulcreekvt@gmail.com;'active';53efeae13148ebbf71c52164
Blur Vision;tathaagat@gmail.com;'active';53f070825586a05706da58df
Two Bit Charlie;evolutioncharlie@gmail.com;'active';53f1075f5586a05706da5927
The Band Apollo;info@thebandapollo.com;'active';53f118c55586a05706da5934
ENDER;info@ender-official.com;'active';53f200955586a05706da598d
ELECTRIC RIOT;theelectricriot@hotmail.com;'active';53f23ffe5586a05706da59ed
Comuna de Santos;comunadesantos@gmail.com;'active';53f27b0d5586a05706da5a20
Blaze The Nation;contact_us@blazethenation.com;'active';53f29a855586a05706da5a2b
DESLIZ;deslizmusic@gmail.com;'active';53f2ab2b5586a05706da5a37
Kudzae;info@kudzaemusic.com;'active';53f2cca55586a05706da5a44
OB LIXX;gwenobelix@hotmail.fr;'active';53f33aeb5586a05706da5a9c
Gordy Garris Group;futurern55@yahoo.com;'active';53f368ea9836a8134a2c8e33
VINCENZO MEI;michelinovincenzo@alice.it;'active';53f382769836a8134a2c8e58
Skyfour;sky4official@gmail.com;'active';53f38c849836a8134a2c8e64
gengibre;denack4@hotmail.com;'active';53f3aff49836a8134a2c8e8e
Indisciplina;kimbalish@msn.com;'active';53f3bb519836a8134a2c8e98
Mana Hardcore;manahardcore@gmail.com;'active';53f49c439836a8134a2c8f7c
Les Youth Kamikaz ;skyro_yk@hotmail.fr;'active';53f4b4125f269619733ed375
Backlash;paulclassic@yahoo.com;'active';53f515e65f269619733ed3d0
Cristina André;cristina.andremx@gmail.com;'active';53f563f35f269619733ed3fe
On a Ledge;onaledgeofficial@hotmail.com;'active';53f5b37e5f269619733ed445
Jesus Tomed;jgerardotm@gmail.com;'active';53f5ef4e5f269619733ed4a1
Luis Liendo;liendoficial@gmail.com;'active';53f5f4815f269619733ed4b4
Victoria Maurette;pickymaurette@hotmail.com;'active';53f600845f269619733ed4ca
alelujazz;alelujazzband@gmail.com;'active';53f61c9c5f269619733ed511
5 de Copas;marquezp.rodrigo@gmail.com;'active';53f66da34d466474028758f1
Miguel Medina;mamgss@gmail.com;'active';53f680f44d46647402875905
Ivanna Bagova;bagovaivanna@gmail.com;'active';53f6d0024d4664740287591f
Self Alien Portrait;selfalienportrait@live.com;'active';53f74e284d4664740287598f
MEKONG;gorillachilla@gmail.com;'active';53f7bd9a8da024452490e599
KING SHABAZZ;avakage2@yahoo.com;'active';53f819648da024452490e5af
Nj;njelitsiory@gmail.com;'active';53f85eba8da024452490e5ca
Vinay Raghuvanshi;sufisum@gmail.com;'active';53f863e28da024452490e5d0
The Wild Younger;razafindrakotojaiz@gmail.com;'active';53f893f68da024452490e613
GOGOSTAR;dopeent@naver.com;'active';53f8db568da024452490e632
R33SON;dipardo180@hotmail.com;'active';53f91c458da024452490e64f
Joe Tripp and the Hops;thehopsmusic@gmail.com;'active';53f97155c15ff5a446a7ce52
S.O.D.A.;oliver.steger@gmx.at;'active';53f9eca0c15ff5a446a7ce7a
Purple Bloom;purplebloom.jp@gmail.com;'active';53fa850c37f6a16553bb7e73
Sero;sero.oficial@gmail.com;'active';53fab76437f6a16553bb7e82
Maciej Malinowski;maciejmalinowski@interia.eu;'active';53fb1bcb9b327845667eb287
JESUSDANDELION;jesusdandelion@hotmail.com;'active';53fb1cd29b327845667eb28b
Kódigo Erróneo;kodigoerroneo@gmail.com;'active';53fb31529b327845667eb2c1
Undiscovered Soul;soul@undiscoveredsoul.ch;'active';53fb42b99b327845667eb2f6
The Absent Artists;theabsentartists@gmail.com;'active';53fb43739b327845667eb2f7
Rudy Varela;rudyvarelainc@gmail.com;'active';53fb43dd9b327845667eb2f8
Girl Dont Yield;samanta.g.pinho@gmail.com;'active';53fb6a1e9b327845667eb332
Eva;eva.morral@hotmail.es;'active';53fb6aa89b327845667eb334
Rebecca Hosking;hoskingrebecca@gmail.com;'active';53fb6c0c9b327845667eb335
Afra Band;sohrab.bahrami.sb@gmail.com;'active';53fb73c99b327845667eb33d
Xiancryzalis;xian_algidahu@hotmail.com;'active';53fb826d9b327845667eb350
Ursomusiczone;ursolicense@gmail.com;'active';53fb8e7e9b327845667eb35c
Da Gittens Boyz;demgittensboyz@hotmail.com;'active';53fb91e39b327845667eb35f
Chus Muñoz;chusmunoz@ono.com;'active';53fbbeea22e48ae67a2ff37a
MBO;mbo@mundomusical.es;'active';53fbbfe022e48ae67a2ff37c
Wil VIVO;wilchan50@hotmail.com;'active';53fbdaea22e48ae67a2ff38a
Peregrino Gris;info@peregrinogris.com;'active';53fc0a8222e48ae67a2ff395
Cloon dC;chiefjosephgs@gmail.com;'active';53fc521b22e48ae67a2ff3e6
Motorfinger;fosslee@gmail.com;'active';53fc7ec6004dacab11e4d880
Leon Lieffijn;globalrockstar@leonlieffijn.com;'active';53fc80c6004dacab11e4d883
#noizemakers (jL.c()aLd);juliogiusti@gmail.com;'active';53fc814d004dacab11e4d884
BZK;gebofon@poczta.fm;'active';53fc856c004dacab11e4d894
Santiago Dechecco;sandechecco@gmail.com;'active';53fcdb4f777614e518692613
Rudebone;rudebiz@gmail.com;'active';53fd71f0777614e518692667
Tears Of Regret ;tearsofregret.band@gmail.com;'active';53fdbb06d45861422c8f3bb6
Mad Goat;oscopa94@gmail.com;'active';53fde0efd45861422c8f3bee
Hollywood Hell;wmcclaud@gmail.com;'active';53fdeac7d45861422c8f3bf9
Dylan Pavlacky;dylanpavlackysemailaddress@gmail.com;'active';53fdef96d45861422c8f3c03
RIicoO KING;romaric99@hotmail.fr;'active';53fdfaf1ef8741bd3e1d9c12
Bismarck Santely;bismarcksantely@gmail.com;'active';53fe0bf7ef8741bd3e1d9c34
King Lamine;kiing.lamiine@hotmail.fr;'active';53fe1d77ef8741bd3e1d9c4d
Oliver Bray;olibray22@gmail.com;'active';53fe4443ef8741bd3e1d9c78
Morries;iepvraldana@gmail.com;'active';53feb31aef8741bd3e1d9cbc
BAYX;green_date@hotmail.com;'active';53fecf4bef8741bd3e1d9ccc
Piero Atzori;atzori@yahoo.com;'active';53fed708ef8741bd3e1d9cd0
M.A.S.C.;pavelguede@gmail.com;'active';53ff2f456535c1ae0d279caf
ThirdEYE;thirdeyebandofficial@gmail.com;'active';53ff3b426535c1ae0d279cbf
Echolight;echolight.contact@gmail.com;'active';53ff42416535c1ae0d279ce5
Polar Echo;browser.mt@gmail.com;'active';53ff6c00d820b026235ab1e7
GHIIS;ghiisa@hotmail.com;'active';53ffc4ced820b026235ab23a
Ed La Costa;ed_lacosta@hotmail.com;'active';53ffe41cd820b026235ab248
Martin Régnier;martistmusic@gmail.com;'active';540075e5175fa12c4fcc442b
CHASSIS;info@chassis.com.pl;'active';54007ee6175fa12c4fcc443e
Wesh Boyz;guedebobia@gmail.com;'active';5401c7ff8f2935c14165187f
AudioLove;audioloverock@gmail.com;'active';5401f6d28f2935c1416518d8
offer band;offerband@gmail.com;'active';5402d06c8f2935c141651958
The Ghost Pub;theghostpubofficial@gmail.com;'active';540346938f2935c1416519eb
Angel Reyes;vochini@hotmail.com;'active';540380b48f2935c141651a2d
The Lovable;booking.thelovable@gmail.com;'active';5404611bb642edc2145c006a
We Are The Empty;ulerith1@hotmail.com;'active';5404a2d6b642edc2145c0249
Linaje de Reyes;linajedereyes_h@yahoo.com;'active';5404a66bb642edc2145c0262
Rayang;rayang@rayang.at;'active';5404a862b642edc2145c027d
Alterna;alternahn@gmail.com;'active';5404b32ab642edc2145c02fc
Malibu Goons;malibugoons@gmail.com;'active';5404dacab642edc2145c0537
Lucas B;officiallucasb@gmail.com;'active';5404df3ab642edc2145c05a3
Zenit Nigra;zenitnigrarock@gmail.com;'active';5404df4cb642edc2145c05a7
LOST ANEZTEZIA;raul_rockpunk@hotmail.com;'active';54056b39b642edc2145c0850
Andrea Torti;andrea90t@hotmail.it;'active';54058cacb642edc2145c0903
Tuco y los Definitivos;oficina@tucoylosdefinitivos.com;'active';540594e3b642edc2145c0941
Sonar Liberty;sonarliberty@gmail.com;'active';5405a98db642edc2145c09fa
the air raid shelter projekt;kurtl77@gmx.at;'active';5405b6c1b642edc2145c0a66
Dianna;jurialp1@gmail.com;'active';540606f1b642edc2145c0dc1
Enzo Romano;clublanotte@tiscali.it;'active';54060ea8b642edc2145c0e22
MANCEBO;curdininea6@gmail.com;'active';5406e04cb642edc2145c137a
Vertebrae;vertebraeofficial@gmail.com;'active';54071880b642edc2145c1587
Nolph Lauren;nolphlauren@yahoo.co.jp;'active';54073a1fb642edc2145c169d
Casa Ambulante;casaambulante@gmail.com;'active';54076edcb642edc2145c1853
i am a freak;robotklauw@gmail.com;'active';54077ac3b642edc2145c1885
retail;sedancemusic@yahoo.com;'active';5408da037bde342c2366ed27
PhilouGanJa-DuB-SelecTor;phidad@wanadoo.fr;'active';5409c4c77bde342c2366efd9
Mairo S.;mario.sitar@chello.at;'active';540ad3ed7bde342c2366fa36
Single Rose Juice;cool_as@abv.bg;'active';540b7f2a7bde342c2366fcbb
The Unplugged Soul;theunpluggedsoulmusic@gmail.com;'active';540c79327bde342c2366ffdf
Satellites;officialsatellites@gmail.com;'active';540d87d47bde342c23670be2
Mr.Fender;mr.fender2@hotmail.it;'active';540d9dc97bde342c23670c69
Raffale 7;aviisrael@live.fr;'active';540dd76ecd5800231f0f0540
Gene Sedukh;seduh@outlook.com;'active';540df31ccd5800231f0f0659
Esquema ;coravalo@hotmail.com;'active';540e8ac5cd5800231f0f0955
VIDEO TAPE;fardiansyah.fandi13@gmail.com;'active';540eaae4cd5800231f0f09d7
Andy Cruz;cruz@andycruzmusic.com;'active';540f0cefcd5800231f0f0c4b
CindyMarshallsMusic;cynthiaanne87@gmail.com;'active';540f2aa2cd5800231f0f0ced
Zobin Live;zobin@baygan.net;'active';540f2e7ecd5800231f0f0d09
The Blisscats;contactblisscats@gmail.com;'active';540f3b65cd5800231f0f0d76
jahan iftekhar;iftekhar.zahan@gmail.com;'active';540f4a98cd5800231f0f0de2
Tom TC;globalrockstar.com@tomtc.net;'active';540f5b35cd5800231f0f0e41
Cactus effect;cactus.effect@gmail.com;'active';540f68b0cd5800231f0f0e86
Peach Hat;ajbostn55@yahoo.com;'active';540fa82cd6f7950e0af14216
P&H;phband@yandex.ru;'active';541008afd6f7950e0af143cc
Fiery Juniah;dfldmcfamily@yahoo.com;'active';5410300ad6f7950e0af144d9
J.M.Rodriguez;joserodriguezmar@hotmail.com;'active';54103df3d6f7950e0af14561
Cristian Gabriel Oprea;opreacg@gmail.com;'active';54106174d6f7950e0af1466b
La Melancolia de Don Quixote;ricardoapunk@gmail.com;'active';5410983bd6f7950e0af147e1
ADRIAN HALLAM;ajwhos@gmail.com;'active';5410e0d2d6f7950e0af1493e
Anna Cordell;annatcordell@gmail.com;'active';54110ceed6f7950e0af149c6
Izzy Cash;izzycashnyc@gmail.com;'active';5411c9ead6f7950e0af14db0
The Primal Machine ;theprimalmachine@hotmail.co.uk;'active';5411cd76d6f7950e0af14dd6
Surrounded By Yankees;larryv@unc.edu;'active';5412f5aed6f7950e0af154a1
Kat;kitkat1718@live.com;'active';5413f14fc3414b50470215e4
La Familia de Ukeleles;lafamiliadeukeleles@gmail.com;'active';5416eb67c3414b5047022570
zoenalia;zoenalia@yahoo.fr;'active';541744446199864d0d5b4649
Emma Moseley Band;sean.d.sammon@gmail.com;'active';54176fcfade77f5e2568bf40
D James;jamesrahal0@gmail.com;'active';541780a1ade77f5e2568c058
Chris Chrisman;cdccdxx@gmail.com;'active';54178a5fade77f5e2568c0d7
Tanya The Savage;frankgarcia@savageliferecords.com;'active';5418acd0ade77f5e2568d756
Kevin E. Holdren;kevinholdren@yahoo.com;'active';5418d68eade77f5e2568da14
David Bruce Davis;davdav630@aol.com;'active';5418dc3cade77f5e2568da51
RadioStock;oro96@hotmail.com;'active';5419c04aade77f5e2568eb77
chico;chico_monev@hotmail.com;'active';5419d101ade77f5e2568ec8a
Calle Santiago;calle_santiago@hotmail.com;'active';5419f2adade77f5e2568ef25
SonOfKarl;kenka553@gmail.com;'active';541c4d27dd775bb9438f36ee
EARL KAYOSS;over700songs@hotmail.com;'active';541c91e6dd775bb9438f3b8c
GABriel BegGarnik;gabrielbeggarnik@gmail.com;'active';541ca227dd775bb9438f3c5d
Thief Operandi;thiefdeathsience@gmail.com;'active';541dae2fdd775bb9438f4c62
Alex Dart Band;alex@alexdartguitars.com;'active';541e154add775bb9438f53ba
Milly Majuc;millymajuc@gmail.com;'active';541f7b6fdd775bb9438f682e
Luis Camacho;camaink@gmail.com;'active';5420ee3df479290623c16c49
Madness Monkeys;kong_gun_n_rose@hotmail.co.th;'active';54216c21f479290623c17848
Nofotis;nofotisnofotis@gmail.com;'active';5422da3548ff358f01d3f763
Chuck Eaton;chuckeaton_music@hotmail.com;'active';542454c88fc9bbd20f987df4
Yann Le M2A;yannlem2a@gmail.com;'active';5424a5098fc9bbd20f988462
IMAGENES;info@pensandoentitv.com;'active';54250a908fc9bbd20f988bea
Harris Brown;harrisbrown237@gmail.com;'active';542567ff8fc9bbd20f989484
Mauro Lamanna;maurolamanna@fastarranger.eu;'active';5425f0258fc9bbd20f98a078
Miyako (Amidst the Psithurism);emanwest6620@gmail.com;'active';54260adb8fc9bbd20f98a22a
Point Verse;point2verse@gmail.com;'active';542815dd8fc9bbd20f98c716
Nico Urbinati;urbijuve@hotmail.com;'active';54284a078fc9bbd20f98cc69
Andreazulado;andreazulado@gmail.com;'active';54297730b330e67d02e0d9f8
Boogy;christionthomas50@gmail.com;'active';5429b2d87068f84d57a2d3b0
the weak & the few;theweakandthefew@gmail.com;'active';5429b52c7068f84d57a2d3eb
Noe Bograd;noebograd@gmail.com;'active';542a6d6d7068f84d57a2e2ea
Interstellar Soul;rnst_douglas@yahoo.com;'active';542aa40f2af0b86e4103ddac
GregNZT;info@teamhdc.nl;'active';542aae962af0b86e4103dea1
Victoria Stewart;stacylstewart@hotmail.com;'active';542ab09e2af0b86e4103def8
Fauno;contato@ofauno.com;'active';542abc502af0b86e4103e055
Nicki Kris;nicki.kris@yahoo.com;'active';542abcd92af0b86e4103e05d
Kirii'ah Mekongo;clarime2002@yahoo.fr;'active';542ade892af0b86e4103e475
Matthew;matego@live.de;'active';542af69d2af0b86e4103e6dc
Ajo Pachuco;ajopachuco@gmail.com;'active';542b29302af0b86e4103ec4f
Peace In Hell;dawood.nasimi@yahoo.com;'active';542bc2972af0b86e4103f81e
Marple Attack Germany;marple@web.de;'active';542cfdff77d911f14345eadb
Eastern Anchors;easternanchors@gmail.com;'active';542d55be77d911f14345f1e8
Alamdar Khan;alamdar405@gmail.com;'active';542e7863ecd1286e294bf29d
LYCAN;iericthomasbeatmaster@gmail.com;'active';5434cadcf2c92b32165d348d
XXI Ancestros;sermarper@gmail.com;'active';543540de5637e1ab046bf561
Imchen Brothers;imchenbrothers@gmail.com;'active';543561575637e1ab046bf905
David McLorren;david@reethym.com;'active';5435bd515637e1ab046c0392
Melting Clouds;cloudsmelting@gmail.com;'active';54361ae35637e1ab046c0bb3
Egoz;psycho.mhs@hotmail.com;'active';543f1dc1c5dd17301aba477e
Daddybeats;mrmarkmeyers33@gmail.com;'active';54466f049fec44403ac9de6a
Lj Ugarte;keylow3000@yahoo.com;'active';54468fac9fec44403ac9e202
Nuaudio;nuaudio.band@gmail.com;'active';54517f829d3e71302b5e2eeb
Kristian Aguilar;odiolabuenamusica@gmail.com;'active';5460490b1f921e210f81d732
found: 590
